keyword,raw_counts,frequency,keyness
條,119,0.008554381424771763,0.0
修正,101,0.007260441377327295,0.0
是否,98,0.007044784702753217,0.0
當,96,0.006901013586370498,0.0
公決,95,0.006829128028179139,19.0
委員,95,0.006829128028179139,0.0
本院,95,0.006829128028179139,19.0
李昆,95,0.006829128028179139,19.0
草案,93,0.00668535691179642,0.0
爰,88,0.006325929120839623,8.8
條文,85,0.006110272446265545,0.2
此,78,0.005607073538926029,0.0
敬請,77,0.00553518798073467,1.0
澤,77,0.00553518798073467,7.6000000000000005
者,74,0.005319531306160592,0.0
規定,70,0.005031989073395155,0.0
擬具,59,0.004241247933290202,2.8000000000000003
障礙,52,0.0037380490259506867,0.0
鑒於,49,0.0035223923513766084,1.2000000000000002
邱志偉,47,0.00337862123499389,9.4
相關,44,0.0031629645604198116,0.0
保障,43,0.0030910790022284523,0.0
應,41,0.0029473078858457337,0.0
權益,41,0.0029473078858457337,0.0
勞工,40,0.0028754223276543744,0.0
針對,39,0.0028035367694630147,0.0
社會,38,0.0027316512112716554,0.0
身心,38,0.0027316512112716554,0.0
人員,36,0.002587880094888937,0.0
服務,35,0.0025159945366975776,0.0
運輸,34,0.0024441089785062183,0.0
提出,33,0.0023722234203148586,0.0
政府,32,0.0023003378621234993,0.0
地方,31,0.00222845230393214,0.0
機關,30,0.0021565667457407807,0.0
惟,29,0.0020846811875494214,0.0
無法,29,0.0020846811875494214,0.0
許智,29,0.0020846811875494214,2.8000000000000003
其,28,0.002012795629358062,0.0
安全,28,0.002012795629358062,0.0
目前,28,0.002012795629358062,0.0
蔡其昌,28,0.002012795629358062,5.6000000000000005
劉,27,0.0019409100711667026,0.0
提供,27,0.0019409100711667026,0.0
條例,27,0.0019409100711667026,0.0
趙天麟,27,0.0019409100711667026,5.4
且,26,0.0018690245129753434,0.0
民眾,26,0.0018690245129753434,0.0
我國,25,0.0017971389547839839,0.0
法,25,0.0017971389547839839,0.0
現行,25,0.0017971389547839839,0.0
發展,25,0.0017971389547839839,0.0
造成,25,0.0017971389547839839,0.0
以及,24,0.0017252533965926246,0.0
大眾,24,0.0017252533965926246,0.0
工作,24,0.0017252533965926246,0.0
櫂,24,0.0017252533965926246,4.800000000000001
豪,24,0.0017252533965926246,4.800000000000001
道路,24,0.0017252533965926246,0.0
傑,23,0.0016533678384012653,0.4
條及,23,0.0016533678384012653,4.6000000000000005
事業,22,0.0015814822802099058,0.0
月,21,0.0015095967220185465,0.0
業者,21,0.0015095967220185465,0.0
主管,20,0.0014377111638271872,0.0
交通,20,0.0014377111638271872,0.0
生活,20,0.0014377111638271872,0.0
兒童,19,0.0013658256056358277,0.0
增訂,19,0.0013658256056358277,0.6000000000000001
影響,19,0.0013658256056358277,0.0
楊曜,19,0.0013658256056358277,3.8000000000000003
行為,19,0.0013658256056358277,0.0
其他,18,0.0012939400474444684,0.0
家庭,18,0.0012939400474444684,0.0
澤等,18,0.0012939400474444684,3.6
無,18,0.0012939400474444684,0.0
發生,18,0.0012939400474444684,0.0
該,18,0.0012939400474444684,0.0
請,18,0.0012939400474444684,0.0
對於,17,0.0012220544892531091,0.0
立法,17,0.0012220544892531091,0.0
經濟,17,0.0012220544892531091,0.0
部分,17,0.0012220544892531091,0.0
需,17,0.0012220544892531091,0.0
事項,16,0.0011501689310617496,0.0
保障法,16,0.0011501689310617496,3.2
吳秉叡,16,0.0011501689310617496,3.2
國家,16,0.0011501689310617496,0.0
實施,16,0.0011501689310617496,0.0
有關,16,0.0011501689310617496,0.0
未,16,0.0011501689310617496,0.0
然而,16,0.0011501689310617496,0.0
管理,16,0.0011501689310617496,0.0
落實,16,0.0011501689310617496,0.0
事件,15,0.0010782833728703904,0.0
亦,15,0.0010782833728703904,0.0
何欣純,15,0.0010782833728703904,3.0
協助,15,0.0010782833728703904,0.0
嚴重,15,0.0010782833728703904,0.0
少年,15,0.0010782833728703904,0.0
明定,15,0.0010782833728703904,0.0
李應元,15,0.0010782833728703904,0.2
林佳龍,15,0.0010782833728703904,3.0
林岱樺,15,0.0010782833728703904,3.0
系統,15,0.0010782833728703904,0.0
處罰,15,0.0010782833728703904,0.0
行政,15,0.0010782833728703904,0.0
電信,15,0.0010782833728703904,0.0
公共,14,0.001006397814679031,0.0
公司,14,0.001006397814679031,0.0
日,14,0.001006397814679031,0.0
權利,14,0.001006397814679031,0.0
規範,14,0.001006397814679031,0.0
酒駕,14,0.001006397814679031,2.8000000000000003
保險,13,0.0009345122564876717,0.0
因,13,0.0009345122564876717,0.0
基本,13,0.0009345122564876717,0.0
堇,13,0.0009345122564876717,2.6
媒體,13,0.0009345122564876717,0.0
情事,13,0.0009345122564876717,0.0
提高,13,0.0009345122564876717,0.0
暴力,13,0.0009345122564876717,0.0
爭議,13,0.0009345122564876717,0.0
田,13,0.0009345122564876717,0.0
秋,13,0.0009345122564876717,0.0
第,13,0.0009345122564876717,0.0
處分,13,0.0009345122564876717,0.0
訴訟,13,0.0009345122564876717,0.0
陳歐珀,13,0.0009345122564876717,2.6
事故,12,0.0008626266982963123,0.0
使,12,0.0008626266982963123,0.0
健康,12,0.0008626266982963123,0.0
因此,12,0.0008626266982963123,0.0
國內,12,0.0008626266982963123,0.0
委員會,12,0.0008626266982963123,0.0
導致,12,0.0008626266982963123,0.0
工具,12,0.0008626266982963123,0.0
案件,12,0.0008626266982963123,0.0
通報,12,0.0008626266982963123,0.2
違反,12,0.0008626266982963123,0.0
適用,12,0.0008626266982963123,0.0
魏明谷,12,0.0008626266982963123,2.4000000000000004
增加,11,0.0007907411401049529,0.0
家屬,11,0.0007907411401049529,0.0
情形,11,0.0007907411401049529,0.0
民國,11,0.0007907411401049529,0.0
汽車,11,0.0007907411401049529,0.0
法律,11,0.0007907411401049529,0.0
災害,11,0.0007907411401049529,0.0
無障礙,11,0.0007907411401049529,1.0
福利,11,0.0007907411401049529,0.0
罰則,11,0.0007907411401049529,0.4
老人,11,0.0007907411401049529,0.0
行使,11,0.0007907411401049529,0.0
調整,11,0.0007907411401049529,0.0
進行,11,0.0007907411401049529,0.0
重大,11,0.0007907411401049529,0.0
陳亭妃,11,0.0007907411401049529,2.2
需求,11,0.0007907411401049529,0.0
項,11,0.0007907411401049529,0.0
人民,10,0.0007188555819135936,0.0
使用,10,0.0007188555819135936,0.0
依,10,0.0007188555819135936,0.0
依據,10,0.0007188555819135936,0.0
僅,10,0.0007188555819135936,0.0
同意,10,0.0007188555819135936,0.0
國道,10,0.0007188555819135936,0.2
地價,10,0.0007188555819135936,0.0
執行,10,0.0007188555819135936,0.0
基金,10,0.0007188555819135936,0.0
弱勢,10,0.0007188555819135936,0.0
新,10,0.0007188555819135936,0.0
方式,10,0.0007188555819135936,0.0
本法,10,0.0007188555819135936,2.0
產業,10,0.0007188555819135936,0.0
由,10,0.0007188555819135936,0.0
確保,10,0.0007188555819135936,0.0
精神,10,0.0007188555819135936,0.0
自,10,0.0007188555819135936,0.0
葉宜津,10,0.0007188555819135936,2.0
薪資,10,0.0007188555819135936,0.0
行車,10,0.0007188555819135936,0.0
鄭,10,0.0007188555819135936,0.0
配合,10,0.0007188555819135936,0.0
麗君,10,0.0007188555819135936,2.0
予以,9,0.0006469700237222342,0.0
促進,9,0.0006469700237222342,0.0
保護,9,0.0006469700237222342,0.0
元,9,0.0006469700237222342,0.0
內,9,0.0006469700237222342,0.0
公布,9,0.0006469700237222342,0.0
再,9,0.0006469700237222342,0.0
制度,9,0.0006469700237222342,0.0
另,9,0.0006469700237222342,0.0
吳,9,0.0006469700237222342,0.0
單位,9,0.0006469700237222342,0.0
因素,9,0.0006469700237222342,0.0
學生,9,0.0006469700237222342,0.0
建議,9,0.0006469700237222342,0.0
必要,9,0.0006469700237222342,0.0
情況,9,0.0006469700237222342,0.0
捷運,9,0.0006469700237222342,0.0
文化,9,0.0006469700237222342,0.0
林淑芬,9,0.0006469700237222342,1.8
機構,9,0.0006469700237222342,0.0
消費者,9,0.0006469700237222342,0.0
潘孟安,9,0.0006469700237222342,1.8
特,9,0.0006469700237222342,0.0
環境,9,0.0006469700237222342,0.0
直轄市,9,0.0006469700237222342,0.8
範圍,9,0.0006469700237222342,0.0
罰鍰,9,0.0006469700237222342,0.2
義務,9,0.0006469700237222342,0.0
職業,9,0.0006469700237222342,0.0
育仁,9,0.0006469700237222342,1.8
自治,9,0.0006469700237222342,0.0
自由,9,0.0006469700237222342,0.0
訂定,9,0.0006469700237222342,0.0
設施,9,0.0006469700237222342,0.0
設置,9,0.0006469700237222342,0.0
負擔,9,0.0006469700237222342,0.0
責任,9,0.0006469700237222342,0.0
遊覽車,9,0.0006469700237222342,0.0
遭受,9,0.0006469700237222342,0.0
陳其邁,9,0.0006469700237222342,1.8
障別,9,0.0006469700237222342,1.8
頻傳,9,0.0006469700237222342,0.0
飛航,9,0.0006469700237222342,0.2
駕駛,9,0.0006469700237222342,0.0
以上,8,0.0005750844655308748,0.0
以下,8,0.0005750844655308748,0.0
住民,8,0.0005750844655308748,0.0
內容,8,0.0005750844655308748,0.0
勞資,8,0.0005750844655308748,0.0
危險,8,0.0005750844655308748,0.0
外,8,0.0005750844655308748,0.0
尤美女,8,0.0005750844655308748,0.0
工會,8,0.0005750844655308748,0.0
建立,8,0.0005750844655308748,0.0
教育,8,0.0005750844655308748,0.0
新制,8,0.0005750844655308748,1.6
新聞,8,0.0005750844655308748,0.0
族群,8,0.0005750844655308748,0.0
更,8,0.0005750844655308748,0.0
有鑒於,8,0.0005750844655308748,1.6
民用,8,0.0005750844655308748,1.6
法令,8,0.0005750844655308748,0.0
犬,8,0.0005750844655308748,0.0
甚至,8,0.0005750844655308748,0.0
生命,8,0.0005750844655308748,0.0
目的,8,0.0005750844655308748,0.0
知悉,8,0.0005750844655308748,0.0
租屋,8,0.0005750844655308748,0.2
秩序,8,0.0005750844655308748,0.0
程序,8,0.0005750844655308748,0.0
符合,8,0.0005750844655308748,0.0
第二,8,0.0005750844655308748,0.0
維護,8,0.0005750844655308748,0.0
若,8,0.0005750844655308748,0.0
補助,8,0.0005750844655308748,0.0
讓,8,0.0005750844655308748,0.0
費用,8,0.0005750844655308748,0.0
賠償,8,0.0005750844655308748,0.0
違規,8,0.0005750844655308748,0.0
長期,8,0.0005750844655308748,0.0
類別,8,0.0005750844655308748,0.0
債權,7,0.0005031989073395155,0.4
兒少,7,0.0005031989073395155,1.4000000000000001
公平,7,0.0005031989073395155,0.0
刑事,7,0.0005031989073395155,0.0
刑法,7,0.0005031989073395155,0.0
功能,7,0.0005031989073395155,0.0
取得,7,0.0005031989073395155,0.0
可,7,0.0005031989073395155,0.0
國民,7,0.0005031989073395155,0.0
國營,7,0.0005031989073395155,0.0
多元,7,0.0005031989073395155,0.0
實務,7,0.0005031989073395155,0.0
工資,7,0.0005031989073395155,0.0
損失,7,0.0005031989073395155,0.0
損害,7,0.0005031989073395155,0.0
搭乘,7,0.0005031989073395155,0.0
改善,7,0.0005031989073395155,0.0
業務,7,0.0005031989073395155,0.0
檢查,7,0.0005031989073395155,0.0
污染,7,0.0005031989073395155,0.0
法規,7,0.0005031989073395155,0.0
照顧,7,0.0005031989073395155,0.0
犯罪,7,0.0005031989073395155,0.0
獨立,7,0.0005031989073395155,0.0
登記,7,0.0005031989073395155,0.0
第六,7,0.0005031989073395155,0.0
第十四,7,0.0005031989073395155,0.0
納入,7,0.0005031989073395155,0.0
給予,7,0.0005031989073395155,0.0
罷免,7,0.0005031989073395155,0.2
航空,7,0.0005031989073395155,0.0
行動,7,0.0005031989073395155,0.0
補貼,7,0.0005031989073395155,0.0
調查,7,0.0005031989073395155,0.0
超過,7,0.0005031989073395155,0.0
近年來,7,0.0005031989073395155,1.4000000000000001
通行費,7,0.0005031989073395155,1.4000000000000001
通訊,7,0.0005031989073395155,0.0
逼車,7,0.0005031989073395155,1.4000000000000001
邱議瑩,7,0.0005031989073395155,1.4000000000000001
郵政,7,0.0005031989073395155,0.0
鐵路,7,0.0005031989073395155,0.0
關係,7,0.0005031989073395155,0.0
電信法,7,0.0005031989073395155,1.4000000000000001
顯然,7,0.0005031989073395155,0.0
不僅,6,0.00043131334914815614,0.0
不同,6,0.00043131334914815614,0.0
不足,6,0.00043131334914815614,0.0
中央,6,0.00043131334914815614,0.0
交通安全,6,0.00043131334914815614,0.6000000000000001
企業,6,0.00043131334914815614,0.0
保費,6,0.00043131334914815614,0.0
停車場,6,0.00043131334914815614,0.0
傑等,6,0.00043131334914815614,1.2000000000000002
公約,6,0.00043131334914815614,0.0
區域,6,0.00043131334914815614,0.0
原住民,6,0.00043131334914815614,0.0
可能,6,0.00043131334914815614,0.0
合併,6,0.00043131334914815614,0.0
問題,6,0.00043131334914815614,0.0
均,6,0.00043131334914815614,0.0
完全,6,0.00043131334914815614,0.0
專業,6,0.00043131334914815614,0.0
市,6,0.00043131334914815614,0.0
年度,6,0.00043131334914815614,0.0
意旨,6,0.00043131334914815614,0.4
成為,6,0.00043131334914815614,0.0
所得,6,0.00043131334914815614,0.0
擴大,6,0.00043131334914815614,0.0
收費,6,0.00043131334914815614,0.0
時間,6,0.00043131334914815614,0.0
有限公司,6,0.00043131334914815614,0.0
期間,6,0.00043131334914815614,0.0
港區,6,0.00043131334914815614,1.2000000000000002
異常,6,0.00043131334914815614,0.0
當事人,6,0.00043131334914815614,0.0
皆,6,0.00043131334914815614,0.0
第一,6,0.00043131334914815614,0.0
第三,6,0.00043131334914815614,0.0
第三十二,6,0.00043131334914815614,1.2000000000000002
管碧玲,6,0.00043131334914815614,1.2000000000000002
累進,6,0.00043131334914815614,0.6000000000000001
統計,6,0.00043131334914815614,0.0
經營,6,0.00043131334914815614,0.0
考量,6,0.00043131334914815614,0.0
肇事,6,0.00043131334914815614,0.0
股份,6,0.00043131334914815614,0.0
至,6,0.00043131334914815614,0.0
補充,6,0.00043131334914815614,0.0
觀光,6,0.00043131334914815614,0.0
警察,6,0.00043131334914815614,0.0
財政,6,0.00043131334914815614,0.0
財產,6,0.00043131334914815614,0.0
費率,6,0.00043131334914815614,0.0
起點,6,0.00043131334914815614,0.0
辯護人,6,0.00043131334914815614,1.2000000000000002
近來,6,0.00043131334914815614,0.0
過程,6,0.00043131334914815614,0.0
避免,6,0.00043131334914815614,0.0
鑑於,6,0.00043131334914815614,0.0
防救,6,0.00043131334914815614,1.2000000000000002
雇主,6,0.00043131334914815614,0.0
需要,6,0.00043131334914815614,0.0
飲食,6,0.00043131334914815614,0.0
駕駛人,6,0.00043131334914815614,0.0
高,6,0.00043131334914815614,0.0
不得,5,0.0003594277909567968,0.0
不符,5,0.0003594277909567968,0.0
中華電信,5,0.0003594277909567968,1.0
乘客,5,0.0003594277909567968,0.0
仍,5,0.0003594277909567968,0.0
以致,5,0.0003594277909567968,0.0
低,5,0.0003594277909567968,0.0
共同,5,0.0003594277909567968,0.0
利用,5,0.0003594277909567968,0.0
制定,5,0.0003594277909567968,0.0
制度法,5,0.0003594277909567968,1.0
勞動,5,0.0003594277909567968,0.0
勞動基準法,5,0.0003594277909567968,1.0
區,5,0.0003594277909567968,0.0
十年,5,0.0003594277909567968,0.2
占用,5,0.0003594277909567968,0.0
危害,5,0.0003594277909567968,0.0
原則,5,0.0003594277909567968,0.0
及第,5,0.0003594277909567968,1.0
合理,5,0.0003594277909567968,0.0
品質,5,0.0003594277909567968,0.0
因為,5,0.0003594277909567968,0.0
國際,5,0.0003594277909567968,0.0
土地,5,0.0003594277909567968,0.0
基地,5,0.0003594277909567968,0.0
場所,5,0.0003594277909567968,0.0
失智症,5,0.0003594277909567968,1.0
契約,5,0.0003594277909567968,0.0
審查,5,0.0003594277909567968,0.0
工程,5,0.0003594277909567968,0.0
已經,5,0.0003594277909567968,0.0
市區,5,0.0003594277909567968,0.0
式,5,0.0003594277909567968,0.0
志願,5,0.0003594277909567968,0.0
性侵害,5,0.0003594277909567968,1.0
恐,5,0.0003594277909567968,0.0
情節,5,0.0003594277909567968,0.0
慢性,5,0.0003594277909567968,0.0
應有,5,0.0003594277909567968,0.0
成立,5,0.0003594277909567968,0.0
扣押,5,0.0003594277909567968,0.2
捐贈,5,0.0003594277909567968,0.0
推動,5,0.0003594277909567968,0.0
措施,5,0.0003594277909567968,0.0
收取,5,0.0003594277909567968,0.0
改變,5,0.0003594277909567968,0.0
教學,5,0.0003594277909567968,0.0
整體,5,0.0003594277909567968,0.0
施行,5,0.0003594277909567968,0.0
旅客,5,0.0003594277909567968,0.0
日益,5,0.0003594277909567968,0.0
普及,5,0.0003594277909567968,0.0
曾,5,0.0003594277909567968,0.0
有效,5,0.0003594277909567968,0.0
本,5,0.0003594277909567968,0.0
標示,5,0.0003594277909567968,0.0
檢討,5,0.0003594277909567968,0.0
正義,5,0.0003594277909567968,0.0
死亡,5,0.0003594277909567968,0.0
比例,5,0.0003594277909567968,0.0
法制,5,0.0003594277909567968,0.0
消費,5,0.0003594277909567968,0.0
照護,5,0.0003594277909567968,0.0
營業,5,0.0003594277909567968,0.0
獲得,5,0.0003594277909567968,0.0
現代,5,0.0003594277909567968,0.0
申訴,5,0.0003594277909567968,0.0
病人,5,0.0003594277909567968,0.0
盜伐,5,0.0003594277909567968,1.0
社工,5,0.0003594277909567968,0.0
第三十三,5,0.0003594277909567968,0.2
第三十五,5,0.0003594277909567968,1.0
第九,5,0.0003594277909567968,0.0
第二十五,5,0.0003594277909567968,0.2
第二十八,5,0.0003594277909567968,1.0
第八,5,0.0003594277909567968,0.0
第十七,5,0.0003594277909567968,0.0
綜上,5,0.0003594277909567968,1.0
職災,5,0.0003594277909567968,1.0
蕭美琴,5,0.0003594277909567968,1.0
補習班,5,0.0003594277909567968,0.0
要求,5,0.0003594277909567968,0.0
言論,5,0.0003594277909567968,0.0
設備,5,0.0003594277909567968,0.0
趨勢,5,0.0003594277909567968,0.0
跨國,5,0.0003594277909567968,0.0
車輛,5,0.0003594277909567968,0.0
較,5,0.0003594277909567968,0.0
違法,5,0.0003594277909567968,0.0
關於,5,0.0003594277909567968,0.0
限制,5,0.0003594277909567968,0.0
陳述,5,0.0003594277909567968,0.0
鼓勵,5,0.0003594277909567968,0.0
不全,4,0.0002875422327654374,0.0
世界,4,0.0002875422327654374,0.0
主要,4,0.0002875422327654374,0.0
交易,4,0.0002875422327654374,0.0
人權,4,0.0002875422327654374,0.0
以來,4,0.0002875422327654374,0.0
任何,4,0.0002875422327654374,0.0
住宅,4,0.0002875422327654374,0.0
來源,4,0.0002875422327654374,0.0
例如,4,0.0002875422327654374,0.0
侵害,4,0.0002875422327654374,0.0
保護法,4,0.0002875422327654374,0.0
修法,4,0.0002875422327654374,0.0
停止,4,0.0002875422327654374,0.0
健保,4,0.0002875422327654374,0.0
健全,4,0.0002875422327654374,0.0
優待,4,0.0002875422327654374,0.0
免費,4,0.0002875422327654374,0.0
公告,4,0.0002875422327654374,0.0
公路,4,0.0002875422327654374,0.0
公路法,4,0.0002875422327654374,0.8
再犯,4,0.0002875422327654374,0.8
刑度,4,0.0002875422327654374,0.8
刑責,4,0.0002875422327654374,0.0
前,4,0.0002875422327654374,0.0
半價,4,0.0002875422327654374,0.8
占,4,0.0002875422327654374,0.0
參與,4,0.0002875422327654374,0.0
另外,4,0.0002875422327654374,0.0
唯,4,0.0002875422327654374,0.0
喪葬,4,0.0002875422327654374,0.2
單一,4,0.0002875422327654374,0.0
因其,4,0.0002875422327654374,0.8
國人,4,0.0002875422327654374,0.0
報酬,4,0.0002875422327654374,0.0
失業,4,0.0002875422327654374,0.0
委託,4,0.0002875422327654374,0.0
婚姻,4,0.0002875422327654374,0.0
完整,4,0.0002875422327654374,0.0
客運業,4,0.0002875422327654374,0.8
實有,4,0.0002875422327654374,0.2
實質,4,0.0002875422327654374,0.0
尤其,4,0.0002875422327654374,0.0
山地,4,0.0002875422327654374,0.0
差異,4,0.0002875422327654374,0.0
已於,4,0.0002875422327654374,0.8
年金,4,0.0002875422327654374,0.0
康樂,4,0.0002875422327654374,0.0
建構,4,0.0002875422327654374,0.0
建設,4,0.0002875422327654374,0.0
徵收,4,0.0002875422327654374,0.0
心智,4,0.0002875422327654374,0.0
戶,4,0.0002875422327654374,0.0
投保,4,0.0002875422327654374,0.0
指出,4,0.0002875422327654374,0.0
提升,4,0.0002875422327654374,0.0
損傷,4,0.0002875422327654374,0.0
擔負,4,0.0002875422327654374,0.0
政策,4,0.0002875422327654374,0.0
新增,4,0.0002875422327654374,0.0
明確,4,0.0002875422327654374,0.0
智能,4,0.0002875422327654374,0.0
書面,4,0.0002875422327654374,0.0
有期徒刑,4,0.0002875422327654374,0.0
有違,4,0.0002875422327654374,0.0
服務費,4,0.0002875422327654374,0.2
根據,4,0.0002875422327654374,0.0
構成,4,0.0002875422327654374,0.0
構造,4,0.0002875422327654374,0.0
機制,4,0.0002875422327654374,0.0
機場,4,0.0002875422327654374,0.0
機會,4,0.0002875422327654374,0.0
次,4,0.0002875422327654374,0.0
每,4,0.0002875422327654374,0.0
比照,4,0.0002875422327654374,0.0
民營化,4,0.0002875422327654374,0.0
水,4,0.0002875422327654374,0.0
法定,4,0.0002875422327654374,0.0
法院,4,0.0002875422327654374,0.0
津貼,4,0.0002875422327654374,0.0
活動,4,0.0002875422327654374,0.0
減少,4,0.0002875422327654374,0.0
然,4,0.0002875422327654374,0.0
特提,4,0.0002875422327654374,0.8
特殊,4,0.0002875422327654374,0.0
特色,4,0.0002875422327654374,0.0
狀況,4,0.0002875422327654374,0.0
產前,4,0.0002875422327654374,0.8
由於,4,0.0002875422327654374,0.0
疏漏,4,0.0002875422327654374,0.2
疾病,4,0.0002875422327654374,0.0
相當,4,0.0002875422327654374,0.0
研究,4,0.0002875422327654374,0.0
神經系統,4,0.0002875422327654374,0.8
禁止,4,0.0002875422327654374,0.0
第三十八,4,0.0002875422327654374,0.8
第二十四,4,0.0002875422327654374,0.4
第十,4,0.0002875422327654374,0.0
管理法,4,0.0002875422327654374,0.2
管道,4,0.0002875422327654374,0.0
節日,4,0.0002875422327654374,0.0
精神病,4,0.0002875422327654374,0.0
組織法,4,0.0002875422327654374,0.0
結構,4,0.0002875422327654374,0.0
統一,4,0.0002875422327654374,0.0
經營權,4,0.0002875422327654374,0.2
維持,4,0.0002875422327654374,0.0
縣市,4,0.0002875422327654374,0.0
職權,4,0.0002875422327654374,0.0
能力,4,0.0002875422327654374,0.0
自閉症,4,0.0002875422327654374,0.8
臺,4,0.0002875422327654374,0.0
處,4,0.0002875422327654374,0.0
號,4,0.0002875422327654374,0.0
被告,4,0.0002875422327654374,0.0
被害人,4,0.0002875422327654374,0.0
計畫,4,0.0002875422327654374,0.0
記載,4,0.0002875422327654374,0.0
許添財,4,0.0002875422327654374,0.8
訴訟法,4,0.0002875422327654374,0.8
負責人,4,0.0002875422327654374,0.0
資源,4,0.0002875422327654374,0.0
資遣費,4,0.0002875422327654374,0.2
賠償法,4,0.0002875422327654374,0.8
賦予,4,0.0002875422327654374,0.0
身體,4,0.0002875422327654374,0.0
輔助,4,0.0002875422327654374,0.0
辦理,4,0.0002875422327654374,0.0
迄今,4,0.0002875422327654374,0.8
近,4,0.0002875422327654374,0.0
退休,4,0.0002875422327654374,0.0
通過,4,0.0002875422327654374,0.0
遏止,4,0.0002875422327654374,0.0
遏阻,4,0.0002875422327654374,0.0
遭,4,0.0002875422327654374,0.0
醫療,4,0.0002875422327654374,0.0
重傷,4,0.0002875422327654374,0.0
重要,4,0.0002875422327654374,0.0
金融,4,0.0002875422327654374,0.0
降低,4,0.0002875422327654374,0.0
除,4,0.0002875422327654374,0.0
集團,4,0.0002875422327654374,0.0
雖,4,0.0002875422327654374,0.0
雖有,4,0.0002875422327654374,0.8
電視,4,0.0002875422327654374,0.0
領人,4,0.0002875422327654374,0.8
駕車,4,0.0002875422327654374,0.0
一般,3,0.00021565667457407807,0.0
下,3,0.00021565667457407807,0.0
不斷,3,0.00021565667457407807,0.0
不服,3,0.00021565667457407807,0.0
不法,3,0.00021565667457407807,0.0
不當,3,0.00021565667457407807,0.0
並非,3,0.00021565667457407807,0.0
中心,3,0.00021565667457407807,0.0
中華,3,0.00021565667457407807,0.0
主動,3,0.00021565667457407807,0.0
之外,3,0.00021565667457407807,0.0
之責,3,0.00021565667457407807,0.6000000000000001
事業主,3,0.00021565667457407807,0.6000000000000001
五,3,0.00021565667457407807,0.0
代收,3,0.00021565667457407807,0.0
以外,3,0.00021565667457407807,0.0
件,3,0.00021565667457407807,0.0
任務,3,0.00021565667457407807,0.0
但是,3,0.00021565667457407807,0.0
低於,3,0.00021565667457407807,0.0
作為,3,0.00021565667457407807,0.0
依法,3,0.00021565667457407807,0.0
便於,3,0.00021565667457407807,0.0
保育,3,0.00021565667457407807,0.0
假,3,0.00021565667457407807,0.0
傷害,3,0.00021565667457407807,0.0
僅有,3,0.00021565667457407807,0.0
僅能,3,0.00021565667457407807,0.6000000000000001
充電,3,0.00021565667457407807,0.0
免收,3,0.00021565667457407807,0.6000000000000001
入,3,0.00021565667457407807,0.0
全球,3,0.00021565667457407807,0.0
公用,3,0.00021565667457407807,0.0
公職人員,3,0.00021565667457407807,0.6000000000000001
其中,3,0.00021565667457407807,0.0
具有,3,0.00021565667457407807,0.0
兼顧,3,0.00021565667457407807,0.0
出國,3,0.00021565667457407807,0.0
分配,3,0.00021565667457407807,0.0
列為,3,0.00021565667457407807,0.0
刪除,3,0.00021565667457407807,0.0
加重,3,0.00021565667457407807,0.0
勸說,3,0.00021565667457407807,0.0
十條,3,0.00021565667457407807,0.6000000000000001
參照,3,0.00021565667457407807,0.0
參酌,3,0.00021565667457407807,0.2
反映,3,0.00021565667457407807,0.0
受,3,0.00021565667457407807,0.0
另案,3,0.00021565667457407807,0.6000000000000001
可罰,3,0.00021565667457407807,0.6000000000000001
台灣,3,0.00021565667457407807,0.0
司法,3,0.00021565667457407807,0.0
司法院,3,0.00021565667457407807,0.0
同時,3,0.00021565667457407807,0.0
命令,3,0.00021565667457407807,0.0
因應,3,0.00021565667457407807,0.0
困難,3,0.00021565667457407807,0.0
土地法,3,0.00021565667457407807,0.6000000000000001
基於,3,0.00021565667457407807,0.0
外國人,3,0.00021565667457407807,0.0
多,3,0.00021565667457407807,0.0
多數,3,0.00021565667457407807,0.0
大學,3,0.00021565667457407807,0.0
如,3,0.00021565667457407807,0.0
姓名,3,0.00021565667457407807,0.0
姚文智,3,0.00021565667457407807,0.6000000000000001
威脅,3,0.00021565667457407807,0.0
婦女,3,0.00021565667457407807,0.0
嫌疑人,3,0.00021565667457407807,0.2
完善,3,0.00021565667457407807,0.0
客運,3,0.00021565667457407807,0.0
實,3,0.00021565667457407807,0.0
實現,3,0.00021565667457407807,0.0
將近,3,0.00021565667457407807,0.0
對象,3,0.00021565667457407807,0.0
居住,3,0.00021565667457407807,0.0
居家,3,0.00021565667457407807,0.0
層出不窮,3,0.00021565667457407807,0.0
屬於,3,0.00021565667457407807,0.0
市場,3,0.00021565667457407807,0.0
平交道,3,0.00021565667457407807,0.0
建國,3,0.00021565667457407807,0.0
引發,3,0.00021565667457407807,0.0
形成,3,0.00021565667457407807,0.0
必須,3,0.00021565667457407807,0.0
惡性,3,0.00021565667457407807,0.0
應以,3,0.00021565667457407807,0.6000000000000001
應由,3,0.00021565667457407807,0.6000000000000001
成年,3,0.00021565667457407807,0.0
所得稅法,3,0.00021565667457407807,0.6000000000000001
托育,3,0.00021565667457407807,0.0
扣除額,3,0.00021565667457407807,0.6000000000000001
扶助,3,0.00021565667457407807,0.0
持續,3,0.00021565667457407807,0.0
指派,3,0.00021565667457407807,0.0
提案,3,0.00021565667457407807,0.0
損及,3,0.00021565667457407807,0.0
支付,3,0.00021565667457407807,0.0
改制,3,0.00021565667457407807,0.0
改為,3,0.00021565667457407807,0.0
效果,3,0.00021565667457407807,0.0
救濟,3,0.00021565667457407807,0.0
日前,3,0.00021565667457407807,0.0
會議,3,0.00021565667457407807,0.0
有所,3,0.00021565667457407807,0.0
有鑑於,3,0.00021565667457407807,0.0
未曾,3,0.00021565667457407807,0.0
未給,3,0.00021565667457407807,0.6000000000000001
核心,3,0.00021565667457407807,0.0
條之二,3,0.00021565667457407807,0.6000000000000001
標準,3,0.00021565667457407807,0.0
權之,3,0.00021565667457407807,0.6000000000000001
段宜康,3,0.00021565667457407807,0.6000000000000001
民間,3,0.00021565667457407807,0.0
沉重,3,0.00021565667457407807,0.0
治理,3,0.00021565667457407807,0.0
港口,3,0.00021565667457407807,0.0
為了,3,0.00021565667457407807,0.0
營運,3,0.00021565667457407807,0.0
父母,3,0.00021565667457407807,0.0
現象,3,0.00021565667457407807,0.0
生計,3,0.00021565667457407807,0.0
用,3,0.00021565667457407807,0.0
當前,3,0.00021565667457407807,0.0
疑似,3,0.00021565667457407807,0.0
監督,3,0.00021565667457407807,0.0
確實,3,0.00021565667457407807,0.0
福利法,3,0.00021565667457407807,0.0
科技,3,0.00021565667457407807,0.0
租稅,3,0.00021565667457407807,0.0
移民,3,0.00021565667457407807,0.0
移轉,3,0.00021565667457407807,0.0
程度,3,0.00021565667457407807,0.0
第七,3,0.00021565667457407807,0.0
第七十九,3,0.00021565667457407807,0.6000000000000001
第二十,3,0.00021565667457407807,0.0
第五,3,0.00021565667457407807,0.0
第五十二,3,0.00021565667457407807,0.6000000000000001
第十二,3,0.00021565667457407807,0.0
第四,3,0.00021565667457407807,0.0
第四十六,3,0.00021565667457407807,0.6000000000000001
米,3,0.00021565667457407807,0.0
紀念日,3,0.00021565667457407807,0.0
給付,3,0.00021565667457407807,0.0
經,3,0.00021565667457407807,0.0
繁榮,3,0.00021565667457407807,0.0
繳納,3,0.00021565667457407807,0.0
罰責,3,0.00021565667457407807,0.6000000000000001
罷免案,3,0.00021565667457407807,0.6000000000000001
習慣,3,0.00021565667457407807,0.0
聯外,3,0.00021565667457407807,0.2
自然,3,0.00021565667457407807,0.0
航空法,3,0.00021565667457407807,0.6000000000000001
船長,3,0.00021565667457407807,0.0
蘇震清,3,0.00021565667457407807,0.6000000000000001
處理,3,0.00021565667457407807,0.0
衛生,3,0.00021565667457407807,0.0
表示,3,0.00021565667457407807,0.0
規劃,3,0.00021565667457407807,0.0
視,3,0.00021565667457407807,0.0
親屬,3,0.00021565667457407807,0.0
解決,3,0.00021565667457407807,0.0
解釋,3,0.00021565667457407807,0.0
計程,3,0.00021565667457407807,0.6000000000000001
設立,3,0.00021565667457407807,0.0
許多,3,0.00021565667457407807,0.0
語言,3,0.00021565667457407807,0.0
課稅,3,0.00021565667457407807,0.0
警惕,3,0.00021565667457407807,0.0
議題,3,0.00021565667457407807,0.0
財源,3,0.00021565667457407807,0.0
資料,3,0.00021565667457407807,0.0
資訊,3,0.00021565667457407807,0.0
路,3,0.00021565667457407807,0.0
身權法,3,0.00021565667457407807,0.6000000000000001
身障,3,0.00021565667457407807,0.6000000000000001
輔佐,3,0.00021565667457407807,0.0
辦法,3,0.00021565667457407807,0.0
退休金,3,0.00021565667457407807,0.0
通曉,3,0.00021565667457407807,0.0
通知,3,0.00021565667457407807,0.0
進而,3,0.00021565667457407807,0.0
遂,3,0.00021565667457407807,0.0
運作,3,0.00021565667457407807,0.0
違背,3,0.00021565667457407807,0.0
遭到,3,0.00021565667457407807,0.0
遵守,3,0.00021565667457407807,0.0
選任,3,0.00021565667457407807,0.6000000000000001
配偶,3,0.00021565667457407807,0.0
酒後,3,0.00021565667457407807,0.0
醫事,3,0.00021565667457407807,0.0
醫院,3,0.00021565667457407807,0.0
釋股,3,0.00021565667457407807,0.6000000000000001
鐵路法,3,0.00021565667457407807,0.6000000000000001
闖越,3,0.00021565667457407807,0.6000000000000001
防制,3,0.00021565667457407807,0.0
防治法,3,0.00021565667457407807,0.6000000000000001
阻止,3,0.00021565667457407807,0.0
限期,3,0.00021565667457407807,0.0
雖然,3,0.00021565667457407807,0.0
電子,3,0.00021565667457407807,0.0
面對,3,0.00021565667457407807,0.0
面臨,3,0.00021565667457407807,0.0
順位,3,0.00021565667457407807,0.0
須,3,0.00021565667457407807,0.0
預防,3,0.00021565667457407807,0.0
頻道,3,0.00021565667457407807,0.0
顯示,3,0.00021565667457407807,0.0
食品,3,0.00021565667457407807,0.0
駕,3,0.00021565667457407807,0.0
一再,2,0.0001437711163827187,0.0
一切,2,0.0001437711163827187,0.0
一定,2,0.0001437711163827187,0.0
一成,2,0.0001437711163827187,0.0
一百八十五,2,0.0001437711163827187,0.0
一百零一,2,0.0001437711163827187,0.0
三百四十四,2,0.0001437711163827187,0.4
上為,2,0.0001437711163827187,0.4
不便,2,0.0001437711163827187,0.0
不可,2,0.0001437711163827187,0.0
不論,2,0.0001437711163827187,0.0
不足以,2,0.0001437711163827187,0.0
中央政府,2,0.0001437711163827187,0.4
中產階級,2,0.0001437711163827187,0.0
中華民國,2,0.0001437711163827187,0.0
乃係,2,0.0001437711163827187,0.4
之管,2,0.0001437711163827187,0.4
之酒,2,0.0001437711163827187,0.4
予,2,0.0001437711163827187,0.0
事,2,0.0001437711163827187,0.0
事實,2,0.0001437711163827187,0.0
交流,2,0.0001437711163827187,0.0
人口,2,0.0001437711163827187,0.0
人口數,2,0.0001437711163827187,0.0
人數,2,0.0001437711163827187,0.0
人於,2,0.0001437711163827187,0.4
人身,2,0.0001437711163827187,0.0
今年,2,0.0001437711163827187,0.0
仍須,2,0.0001437711163827187,0.4
代理人,2,0.0001437711163827187,0.0
令,2,0.0001437711163827187,0.0
以期,2,0.0001437711163827187,0.0
以茲,2,0.0001437711163827187,0.4
作業,2,0.0001437711163827187,0.0
併科,2,0.0001437711163827187,0.2
依該,2,0.0001437711163827187,0.4
係,2,0.0001437711163827187,0.0
保險法,2,0.0001437711163827187,0.0
信賴,2,0.0001437711163827187,0.0
俾使,2,0.0001437711163827187,0.0
假日,2,0.0001437711163827187,0.0
停車位,2,0.0001437711163827187,0.0
停駛,2,0.0001437711163827187,0.4
傳播,2,0.0001437711163827187,0.0
傳染性,2,0.0001437711163827187,0.0
傳統,2,0.0001437711163827187,0.0
僅以,2,0.0001437711163827187,0.4
億元,2,0.0001437711163827187,0.4
儲金,2,0.0001437711163827187,0.0
充分,2,0.0001437711163827187,0.0
入法,2,0.0001437711163827187,0.4
內部,2,0.0001437711163827187,0.0
全國,2,0.0001437711163827187,0.0
全民,2,0.0001437711163827187,0.0
全面,2,0.0001437711163827187,0.0
全額,2,0.0001437711163827187,0.0
公,2,0.0001437711163827187,0.0
公務人員,2,0.0001437711163827187,0.0
公器,2,0.0001437711163827187,0.2
公式,2,0.0001437711163827187,0.0
公設,2,0.0001437711163827187,0.0
公辦,2,0.0001437711163827187,0.4
公開,2,0.0001437711163827187,0.0
六,2,0.0001437711163827187,0.0
兵役法,2,0.0001437711163827187,0.4
其間,2,0.0001437711163827187,0.0
兼具,2,0.0001437711163827187,0.0
兼差,2,0.0001437711163827187,0.0
兼職,2,0.0001437711163827187,0.0
分區,2,0.0001437711163827187,0.0
分派,2,0.0001437711163827187,0.0
列舉,2,0.0001437711163827187,0.0
判例,2,0.0001437711163827187,0.2
則,2,0.0001437711163827187,0.0
功能性,2,0.0001437711163827187,0.0
加上,2,0.0001437711163827187,0.0
勞安,2,0.0001437711163827187,0.4
包含,2,0.0001437711163827187,0.0
包括,2,0.0001437711163827187,0.0
匯兌,2,0.0001437711163827187,0.0
十七,2,0.0001437711163827187,0.0
十五,2,0.0001437711163827187,0.0
十次,2,0.0001437711163827187,0.4
即,2,0.0001437711163827187,0.0
原有,2,0.0001437711163827187,0.0
原生,2,0.0001437711163827187,0.4
反應,2,0.0001437711163827187,0.0
受僱,2,0.0001437711163827187,0.2
受到,2,0.0001437711163827187,0.0
受害,2,0.0001437711163827187,0.0
台鐵,2,0.0001437711163827187,0.0
各類,2,0.0001437711163827187,0.4
合格,2,0.0001437711163827187,0.0
吊扣,2,0.0001437711163827187,0.4
同一,2,0.0001437711163827187,0.4
同住,2,0.0001437711163827187,0.0
同屬,2,0.0001437711163827187,0.4
名稱,2,0.0001437711163827187,0.0
告知,2,0.0001437711163827187,0.0
周邊,2,0.0001437711163827187,0.0
商品,2,0.0001437711163827187,0.0
商業,2,0.0001437711163827187,0.0
喪葬費,2,0.0001437711163827187,0.2
因故,2,0.0001437711163827187,0.0
因果,2,0.0001437711163827187,0.0
困境,2,0.0001437711163827187,0.0
國定,2,0.0001437711163827187,0.0
國語文,2,0.0001437711163827187,0.0
團體,2,0.0001437711163827187,0.0
地價稅,2,0.0001437711163827187,0.4
地區,2,0.0001437711163827187,0.0
均衡,2,0.0001437711163827187,0.0
型態,2,0.0001437711163827187,0.0
城鄉,2,0.0001437711163827187,0.0
執照,2,0.0001437711163827187,0.0
基層,2,0.0001437711163827187,0.0
報告,2,0.0001437711163827187,0.0
增列,2,0.0001437711163827187,0.0
夜間,2,0.0001437711163827187,0.0
大學法,2,0.0001437711163827187,0.0
大筆,2,0.0001437711163827187,0.4
大致,2,0.0001437711163827187,0.0
夫妻,2,0.0001437711163827187,0.0
女工,2,0.0001437711163827187,0.0
女性,2,0.0001437711163827187,0.0
如導聾犬,2,0.0001437711163827187,0.4
妊娠,2,0.0001437711163827187,0.4
始,2,0.0001437711163827187,0.0
始終,2,0.0001437711163827187,0.0
始能,2,0.0001437711163827187,0.4
嬰幼兒,2,0.0001437711163827187,0.4
子女,2,0.0001437711163827187,0.0
存有,2,0.0001437711163827187,0.0
學校,2,0.0001437711163827187,0.0
學術,2,0.0001437711163827187,0.0
定期,2,0.0001437711163827187,0.0
客,2,0.0001437711163827187,0.0
客家,2,0.0001437711163827187,0.0
容易,2,0.0001437711163827187,0.0
實習生,2,0.0001437711163827187,0.4
審判,2,0.0001437711163827187,0.0
專業性,2,0.0001437711163827187,0.0
專用,2,0.0001437711163827187,0.0
對外,2,0.0001437711163827187,0.4
對等,2,0.0001437711163827187,0.0
導盲犬,2,0.0001437711163827187,0.4
就業,2,0.0001437711163827187,0.0
屆,2,0.0001437711163827187,0.0
屢屢,2,0.0001437711163827187,0.0
屢見不鮮,2,0.0001437711163827187,0.0
屢遭,2,0.0001437711163827187,0.4
差距,2,0.0001437711163827187,0.0
常,2,0.0001437711163827187,0.0
平均,2,0.0001437711163827187,0.0
年為,2,0.0001437711163827187,0.4
廢止,2,0.0001437711163827187,0.0
廣播,2,0.0001437711163827187,0.0
延誤,2,0.0001437711163827187,0.0
往往,2,0.0001437711163827187,0.0
後始,2,0.0001437711163827187,0.4
得以,2,0.0001437711163827187,0.0
徵得,2,0.0001437711163827187,0.0
心理,2,0.0001437711163827187,0.0
心靈,2,0.0001437711163827187,0.0
快速,2,0.0001437711163827187,0.0
性質,2,0.0001437711163827187,0.0
惡意,2,0.0001437711163827187,0.0
意外,2,0.0001437711163827187,0.0
意識,2,0.0001437711163827187,0.0
慈善,2,0.0001437711163827187,0.0
憲法,2,0.0001437711163827187,0.0
應予,2,0.0001437711163827187,0.4
懸殊,2,0.0001437711163827187,0.0
成員,2,0.0001437711163827187,0.0
或管,2,0.0001437711163827187,0.4
房價,2,0.0001437711163827187,0.0
所以,2,0.0001437711163827187,0.0
所在地,2,0.0001437711163827187,0.0
所得稅,2,0.0001437711163827187,0.0
所有,2,0.0001437711163827187,0.0
所有人,2,0.0001437711163827187,0.0
扁柏,2,0.0001437711163827187,0.0
抬頭,2,0.0001437711163827187,0.0
指,2,0.0001437711163827187,0.0
指定,2,0.0001437711163827187,0.0
按,2,0.0001437711163827187,0.0
授權,2,0.0001437711163827187,0.0
掌握,2,0.0001437711163827187,0.0
排行,2,0.0001437711163827187,0.0
採購法,2,0.0001437711163827187,0.4
接軌,2,0.0001437711163827187,0.4
提起,2,0.0001437711163827187,0.0
支出,2,0.0001437711163827187,0.0
支應,2,0.0001437711163827187,0.0
支援,2,0.0001437711163827187,0.0
收入,2,0.0001437711163827187,0.0
放假,2,0.0001437711163827187,0.0
效力,2,0.0001437711163827187,0.0
教育法,2,0.0001437711163827187,0.2
整合,2,0.0001437711163827187,0.0
文教,2,0.0001437711163827187,0.0
新臺幣,2,0.0001437711163827187,0.0
旁,2,0.0001437711163827187,0.0
旅館業,2,0.0001437711163827187,0.0
既為,2,0.0001437711163827187,0.4
日趨,2,0.0001437711163827187,0.0
明文,2,0.0001437711163827187,0.0
明文規定,2,0.0001437711163827187,0.0
明確性,2,0.0001437711163827187,0.4
明訂,2,0.0001437711163827187,0.0
時代,2,0.0001437711163827187,0.0
更加,2,0.0001437711163827187,0.0
期,2,0.0001437711163827187,0.0
期望,2,0.0001437711163827187,0.0
未及,2,0.0001437711163827187,0.0
未能,2,0.0001437711163827187,0.4
本於,2,0.0001437711163827187,0.0
查核,2,0.0001437711163827187,0.0
條之三,2,0.0001437711163827187,0.4
條之六,2,0.0001437711163827187,0.4
條至,2,0.0001437711163827187,0.4
業於,2,0.0001437711163827187,0.4
模式,2,0.0001437711163827187,0.0
樹種,2,0.0001437711163827187,0.0
權,2,0.0001437711163827187,0.0
欠缺,2,0.0001437711163827187,0.0
歇業,2,0.0001437711163827187,0.0
正確,2,0.0001437711163827187,0.0
此外,2,0.0001437711163827187,0.0
死,2,0.0001437711163827187,0.0
民主,2,0.0001437711163827187,0.0
民營,2,0.0001437711163827187,0.0
水平,2,0.0001437711163827187,0.0
決議,2,0.0001437711163827187,0.0
油電,2,0.0001437711163827187,0.4
法制化,2,0.0001437711163827187,0.0
涉及,2,0.0001437711163827187,0.0
清償,2,0.0001437711163827187,0.0
港務,2,0.0001437711163827187,0.4
港市,2,0.0001437711163827187,0.2
漲價,2,0.0001437711163827187,0.0
為原,2,0.0001437711163827187,0.4
為期,2,0.0001437711163827187,0.0
為由,2,0.0001437711163827187,0.0
無異,2,0.0001437711163827187,0.0
無辜,2,0.0001437711163827187,0.0
營利,2,0.0001437711163827187,0.0
爭訟,2,0.0001437711163827187,0.4
牌照,2,0.0001437711163827187,0.0
牛樟,2,0.0001437711163827187,0.4
犬時,2,0.0001437711163827187,0.4
獎勵,2,0.0001437711163827187,0.0
玲,2,0.0001437711163827187,0.4
珍貴,2,0.0001437711163827187,0.0
班,2,0.0001437711163827187,0.0
現實,2,0.0001437711163827187,0.0
現行法,2,0.0001437711163827187,0.4
理念,2,0.0001437711163827187,0.0
理解,2,0.0001437711163827187,0.0
甚鉅,2,0.0001437711163827187,0.4
生存權,2,0.0001437711163827187,0.4
生育率,2,0.0001437711163827187,0.0
用路人,2,0.0001437711163827187,0.4
申請,2,0.0001437711163827187,0.0
當地,2,0.0001437711163827187,0.0
疑慮,2,0.0001437711163827187,0.0
發現,2,0.0001437711163827187,0.0
相較,2,0.0001437711163827187,0.0
相較於,2,0.0001437711163827187,0.4
真正,2,0.0001437711163827187,0.0
破壞,2,0.0001437711163827187,0.0
破產,2,0.0001437711163827187,0.0
票價,2,0.0001437711163827187,0.0
福利部,2,0.0001437711163827187,0.0
私密,2,0.0001437711163827187,0.2
移民法,2,0.0001437711163827187,0.4
移置,2,0.0001437711163827187,0.4
稅率,2,0.0001437711163827187,0.0
稅負,2,0.0001437711163827187,0.4
空間,2,0.0001437711163827187,0.0
窘迫,2,0.0001437711163827187,0.0
竊取,2,0.0001437711163827187,0.0
立即,2,0.0001437711163827187,0.0
竟,2,0.0001437711163827187,0.0
競爭力,2,0.0001437711163827187,0.0
第一百,2,0.0001437711163827187,0.0
第一百五十二,2,0.0001437711163827187,0.4
第一線,2,0.0001437711163827187,0.0
第三十四,2,0.0001437711163827187,0.4
第三者,2,0.0001437711163827187,0.4
第二十三,2,0.0001437711163827187,0.0
第五十,2,0.0001437711163827187,0.4
第五十七,2,0.0001437711163827187,0.4
第五十九,2,0.0001437711163827187,0.4
第五十四,2,0.0001437711163827187,0.2
第八十三,2,0.0001437711163827187,0.4
第六十二,2,0.0001437711163827187,0.4
第十五,2,0.0001437711163827187,0.0
第十八,2,0.0001437711163827187,0.0
第四十,2,0.0001437711163827187,0.0
第四十三,2,0.0001437711163827187,0.4
策略,2,0.0001437711163827187,0.0
管制,2,0.0001437711163827187,0.0
管領,2,0.0001437711163827187,0.4
籌措,2,0.0001437711163827187,0.0
糾紛,2,0.0001437711163827187,0.0
紀錄,2,0.0001437711163827187,0.0
紅檜,2,0.0001437711163827187,0.0
納稅,2,0.0001437711163827187,0.0
級,2,0.0001437711163827187,0.0
級距,2,0.0001437711163827187,0.4
絕對,2,0.0001437711163827187,0.0
經費,2,0.0001437711163827187,0.0
網際網路,2,0.0001437711163827187,0.0
縣,2,0.0001437711163827187,0.0
總局,2,0.0001437711163827187,0.0
罰金,2,0.0001437711163827187,0.0
署,2,0.0001437711163827187,0.0
罷免法,2,0.0001437711163827187,0.4
而是,2,0.0001437711163827187,0.0
聯絡,2,0.0001437711163827187,0.0
聲請,2,0.0001437711163827187,0.0
職務,2,0.0001437711163827187,0.0
肇因,2,0.0001437711163827187,0.0
肢障,2,0.0001437711163827187,0.0
胎兒,2,0.0001437711163827187,0.0
自主,2,0.0001437711163827187,0.0
自主性,2,0.0001437711163827187,0.0
自應,2,0.0001437711163827187,0.0
與其,2,0.0001437711163827187,0.0
與否,2,0.0001437711163827187,0.0
舉辦,2,0.0001437711163827187,0.0
船舶,2,0.0001437711163827187,0.2
良窳,2,0.0001437711163827187,0.0
若干,2,0.0001437711163827187,0.0
菸酒,2,0.0001437711163827187,0.0
萬人,2,0.0001437711163827187,0.4
虐待,2,0.0001437711163827187,0.0
處以,2,0.0001437711163827187,0.0
處理法,2,0.0001437711163827187,0.4
虧損,2,0.0001437711163827187,0.0
行之,2,0.0001437711163827187,0.4
行政院,2,0.0001437711163827187,0.0
衍生,2,0.0001437711163827187,0.0
衛星,2,0.0001437711163827187,0.0
衝突,2,0.0001437711163827187,0.0
被保險人,2,0.0001437711163827187,0.0
要件,2,0.0001437711163827187,0.0
規則,2,0.0001437711163827187,0.0
觀念,2,0.0001437711163827187,0.0
訂有,2,0.0001437711163827187,0.0
計算,2,0.0001437711163827187,0.0
認定,2,0.0001437711163827187,0.0
語文,2,0.0001437711163827187,0.0
說明會,2,0.0001437711163827187,0.0
課,2,0.0001437711163827187,0.0
調整成,2,0.0001437711163827187,0.4
請八天,2,0.0001437711163827187,0.4
請求權,2,0.0001437711163827187,0.4
請領,2,0.0001437711163827187,0.2
證券,2,0.0001437711163827187,0.0
證明,2,0.0001437711163827187,0.0
負責,2,0.0001437711163827187,0.0
貨車,2,0.0001437711163827187,0.0
貸款,2,0.0001437711163827187,0.0
資力,2,0.0001437711163827187,0.4
起居,2,0.0001437711163827187,0.0
跨,2,0.0001437711163827187,0.0
身心健康,2,0.0001437711163827187,0.0
輔導,2,0.0001437711163827187,0.0
輕重,2,0.0001437711163827187,0.0
轄區,2,0.0001437711163827187,0.0
透明,2,0.0001437711163827187,0.0
透過,2,0.0001437711163827187,0.0
逐年,2,0.0001437711163827187,0.0
逕行,2,0.0001437711163827187,0.0
連帶,2,0.0001437711163827187,0.0
進入,2,0.0001437711163827187,0.0
運輸業,2,0.0001437711163827187,0.0
過輕,2,0.0001437711163827187,0.4
道德,2,0.0001437711163827187,0.0
達到,2,0.0001437711163827187,0.0
適應,2,0.0001437711163827187,0.0
選務,2,0.0001437711163827187,0.0
選舉,2,0.0001437711163827187,0.0
部位,2,0.0001437711163827187,0.0
配套,2,0.0001437711163827187,0.4
酒,2,0.0001437711163827187,0.0
酒駕致,2,0.0001437711163827187,0.4
醫藥費,2,0.0001437711163827187,0.0
釋字,2,0.0001437711163827187,0.4
重分配,2,0.0001437711163827187,0.0
重建,2,0.0001437711163827187,0.0
重新,2,0.0001437711163827187,0.0
重視,2,0.0001437711163827187,0.0
門票,2,0.0001437711163827187,0.0
門診,2,0.0001437711163827187,0.0
開始,2,0.0001437711163827187,0.0
間,2,0.0001437711163827187,0.0
防治,2,0.0001437711163827187,0.0
附約,2,0.0001437711163827187,0.4
附記,2,0.0001437711163827187,0.0
限於,2,0.0001437711163827187,0.0
除了,2,0.0001437711163827187,0.0
除此之外,2,0.0001437711163827187,0.0
陪伴,2,0.0001437711163827187,0.0
隱私,2,0.0001437711163827187,0.0
雙漲,2,0.0001437711163827187,0.4
難以,2,0.0001437711163827187,0.0
雪上加霜,2,0.0001437711163827187,0.0
電信業者,2,0.0001437711163827187,0.4
電價,2,0.0001437711163827187,0.0
電視台,2,0.0001437711163827187,0.0
青少年,2,0.0001437711163827187,0.0
非,2,0.0001437711163827187,0.0
類型,2,0.0001437711163827187,0.0
顯有,2,0.0001437711163827187,0.4
風險,2,0.0001437711163827187,0.0
飲用,2,0.0001437711163827187,0.0
飲食區,2,0.0001437711163827187,0.4
首位,2,0.0001437711163827187,0.0
體例,2,0.0001437711163827187,0.4
高居,2,0.0001437711163827187,0.0
高度,2,0.0001437711163827187,0.0
高於,2,0.0001437711163827187,0.0
高月,2,0.0001437711163827187,0.4
高速,2,0.0001437711163827187,0.0
高達,2,0.0001437711163827187,0.0
高鐵,2,0.0001437711163827187,0.0
黃偉哲,2,0.0001437711163827187,0.4
黃文,2,0.0001437711163827187,0.4
龐大,2,0.0001437711163827187,0.0
一併,1,7.188555819135935e-05,0.0
一千二百,1,7.188555819135935e-05,0.0
一半,1,7.188555819135935e-05,0.0
一同,1,7.188555819135935e-05,0.0
一屋,1,7.188555819135935e-05,0.2
一年,1,7.188555819135935e-05,0.2
一律,1,7.188555819135935e-05,0.0
一月,1,7.188555819135935e-05,0.0
一百七十八,1,7.188555819135935e-05,0.2
一百三十三,1,7.188555819135935e-05,0.0
一百年,1,7.188555819135935e-05,0.2
一百零七,1,7.188555819135935e-05,0.2
一百零三,1,7.188555819135935e-05,0.2
一百零四,1,7.188555819135935e-05,0.2
一統,1,7.188555819135935e-05,0.2
一致性,1,7.188555819135935e-05,0.0
一貫,1,7.188555819135935e-05,0.0
一鄉,1,7.188555819135935e-05,0.2
七十年,1,7.188555819135935e-05,0.0
七年,1,7.188555819135935e-05,0.0
七月,1,7.188555819135935e-05,0.0
三十一,1,7.188555819135935e-05,0.0
三十年,1,7.188555819135935e-05,0.2
三千,1,7.188555819135935e-05,0.0
三年,1,7.188555819135935e-05,0.0
三級,1,7.188555819135935e-05,0.2
上半年,1,7.188555819135935e-05,0.2
上向,1,7.188555819135935e-05,0.2
上市,1,7.188555819135935e-05,0.0
上架,1,7.188555819135935e-05,0.0
上網,1,7.188555819135935e-05,0.0
上開,1,7.188555819135935e-05,0.2
不亞於,1,7.188555819135935e-05,0.0
不佳,1,7.188555819135935e-05,0.0
不免,1,7.188555819135935e-05,0.0
不再,1,7.188555819135935e-05,0.0
不到,1,7.188555819135935e-05,0.0
不可或缺,1,7.188555819135935e-05,0.0
不可抗力,1,7.188555819135935e-05,0.2
不合,1,7.188555819135935e-05,0.0
不周,1,7.188555819135935e-05,0.0
不因,1,7.188555819135935e-05,0.2
不在少數,1,7.188555819135935e-05,0.0
不夠,1,7.188555819135935e-05,0.2
不實,1,7.188555819135935e-05,0.0
不少,1,7.188555819135935e-05,0.0
不幸,1,7.188555819135935e-05,0.0
不易,1,7.188555819135935e-05,0.0
不時之需,1,7.188555819135935e-05,0.0
不肖,1,7.188555819135935e-05,0.0
不良,1,7.188555819135935e-05,0.0
不要,1,7.188555819135935e-05,0.0
不適任,1,7.188555819135935e-05,0.2
不遵,1,7.188555819135935e-05,0.2
不離,1,7.188555819135935e-05,0.2
並且,1,7.188555819135935e-05,0.0
並於,1,7.188555819135935e-05,0.2
並經,1,7.188555819135935e-05,0.2
並訂,1,7.188555819135935e-05,0.2
中小企業,1,7.188555819135935e-05,0.0
中為,1,7.188555819135935e-05,0.2
中風,1,7.188555819135935e-05,0.0
主幹道,1,7.188555819135935e-05,0.2
主張,1,7.188555819135935e-05,0.0
主計,1,7.188555819135935e-05,0.2
主計處,1,7.188555819135935e-05,0.0
乃,1,7.188555819135935e-05,0.0
乃屬,1,7.188555819135935e-05,0.2
乃為,1,7.188555819135935e-05,0.0
之下,1,7.188555819135935e-05,0.0
之事後,1,7.188555819135935e-05,0.2
之人,1,7.188555819135935e-05,0.2
之前,1,7.188555819135935e-05,0.0
之數,1,7.188555819135935e-05,0.2
之處,1,7.188555819135935e-05,0.2
之賜,1,7.188555819135935e-05,0.2
乘船,1,7.188555819135935e-05,0.0
九十一年,1,7.188555819135935e-05,0.2
九十三年,1,7.188555819135935e-05,0.2
九十八年,1,7.188555819135935e-05,0.2
亂象,1,7.188555819135935e-05,0.0
了解,1,7.188555819135935e-05,0.0
事前,1,7.188555819135935e-05,0.2
二,1,7.188555819135935e-05,0.0
二代,1,7.188555819135935e-05,0.2
二十八日,1,7.188555819135935e-05,0.0
二十萬,1,7.188555819135935e-05,0.0
二號,1,7.188555819135935e-05,0.0
五十九,1,7.188555819135935e-05,0.0
五十年,1,7.188555819135935e-05,0.0
五年,1,7.188555819135935e-05,0.0
五月,1,7.188555819135935e-05,0.0
五次,1,7.188555819135935e-05,0.2
亟需,1,7.188555819135935e-05,0.0
交易所,1,7.188555819135935e-05,0.0
交易法,1,7.188555819135935e-05,0.0
交通部,1,7.188555819135935e-05,0.0
享有,1,7.188555819135935e-05,0.0
人之老,1,7.188555819135935e-05,0.2
人力,1,7.188555819135935e-05,0.0
人性,1,7.188555819135935e-05,0.0
人才,1,7.188555819135935e-05,0.0
人道,1,7.188555819135935e-05,0.0
人選,1,7.188555819135935e-05,0.0
仍得,1,7.188555819135935e-05,0.2
仍然,1,7.188555819135935e-05,0.0
仍領,1,7.188555819135935e-05,0.2
他人,1,7.188555819135935e-05,0.0
代客,1,7.188555819135935e-05,0.0
代步,1,7.188555819135935e-05,0.0
以供,1,7.188555819135935e-05,0.2
以免,1,7.188555819135935e-05,0.0
以符,1,7.188555819135935e-05,0.2
以資,1,7.188555819135935e-05,0.0
以達,1,7.188555819135935e-05,0.2
仰賴,1,7.188555819135935e-05,0.0
仲介,1,7.188555819135935e-05,0.0
任,1,7.188555819135935e-05,0.0
任意,1,7.188555819135935e-05,0.0
仿,1,7.188555819135935e-05,0.0
企業主,1,7.188555819135935e-05,0.0
休閒,1,7.188555819135935e-05,0.0
伴隨,1,7.188555819135935e-05,0.0
位,1,7.188555819135935e-05,0.0
低價,1,7.188555819135935e-05,0.0
低收入戶,1,7.188555819135935e-05,0.0
住戶,1,7.188555819135935e-05,0.0
住院,1,7.188555819135935e-05,0.0
佔,1,7.188555819135935e-05,0.0
作一,1,7.188555819135935e-05,0.2
作成,1,7.188555819135935e-05,0.0
併購,1,7.188555819135935e-05,0.0
使其,1,7.188555819135935e-05,0.2
使得,1,7.188555819135935e-05,0.0
使用率,1,7.188555819135935e-05,0.0
使該,1,7.188555819135935e-05,0.2
來台,1,7.188555819135935e-05,0.2
來自於,1,7.188555819135935e-05,0.0
例,1,7.188555819135935e-05,0.0
供給量,1,7.188555819135935e-05,0.0
依照,1,7.188555819135935e-05,0.0
依靠,1,7.188555819135935e-05,0.0
便利,1,7.188555819135935e-05,0.0
便是,1,7.188555819135935e-05,0.0
係為,1,7.188555819135935e-05,0.0
俊,1,7.188555819135935e-05,0.2
俋,1,7.188555819135935e-05,0.2
保存,1,7.188555819135935e-05,0.0
保留,1,7.188555819135935e-05,0.0
修正案,1,7.188555819135935e-05,0.0
修正為,1,7.188555819135935e-05,0.0
修訂,1,7.188555819135935e-05,0.0
個準,1,7.188555819135935e-05,0.2
倍,1,7.188555819135935e-05,0.0
借繞,1,7.188555819135935e-05,0.2
借貸,1,7.188555819135935e-05,0.0
假公濟私,1,7.188555819135935e-05,0.2
偏遠,1,7.188555819135935e-05,0.0
偏高,1,7.188555819135935e-05,0.2
做出,1,7.188555819135935e-05,0.0
停業,1,7.188555819135935e-05,0.0
傳出,1,7.188555819135935e-05,0.0
債務,1,7.188555819135935e-05,0.0
傷亡,1,7.188555819135935e-05,0.0
僅多,1,7.188555819135935e-05,0.2
僱用,1,7.188555819135935e-05,0.0
價值,1,7.188555819135935e-05,0.0
償還,1,7.188555819135935e-05,0.0
優先,1,7.188555819135935e-05,0.0
儲匯,1,7.188555819135935e-05,0.2
儲戶,1,7.188555819135935e-05,0.2
儼然,1,7.188555819135935e-05,0.0
兆,1,7.188555819135935e-05,0.2
先前,1,7.188555819135935e-05,0.0
先進,1,7.188555819135935e-05,0.0
克服,1,7.188555819135935e-05,0.0
免繳,1,7.188555819135935e-05,0.2
入不敷出,1,7.188555819135935e-05,0.2
內涵,1,7.188555819135935e-05,0.0
全年,1,7.188555819135935e-05,0.2
全部,1,7.188555819135935e-05,0.0
全體,1,7.188555819135935e-05,0.0
兩歧,1,7.188555819135935e-05,0.2
八九,1,7.188555819135935e-05,0.0
八年,1,7.188555819135935e-05,0.0
公司法,1,7.188555819135935e-05,0.0
公所,1,7.188555819135935e-05,0.0
公教人員,1,7.188555819135935e-05,0.2
公權力,1,7.188555819135935e-05,0.0
公民,1,7.188555819135935e-05,0.0
公營,1,7.188555819135935e-05,0.0
公眾,1,7.188555819135935e-05,0.0
六十五歲以上,1,7.188555819135935e-05,0.2
六千,1,7.188555819135935e-05,0.0
六成,1,7.188555819135935e-05,0.0
六百,1,7.188555819135935e-05,0.0
共存,1,7.188555819135935e-05,0.0
共榮,1,7.188555819135935e-05,0.0
共構,1,7.188555819135935e-05,0.2
共站,1,7.188555819135935e-05,0.2
其係,1,7.188555819135935e-05,0.2
其刑至,1,7.188555819135935e-05,0.2
其為,1,7.188555819135935e-05,0.2
其致生,1,7.188555819135935e-05,0.2
具,1,7.188555819135935e-05,0.0
凌虐,1,7.188555819135935e-05,0.0
出售,1,7.188555819135935e-05,0.0
出境,1,7.188555819135935e-05,0.0
出庭,1,7.188555819135935e-05,0.0
分別,1,7.188555819135935e-05,0.0
分工,1,7.188555819135935e-05,0.0
分擔,1,7.188555819135935e-05,0.0
分攤,1,7.188555819135935e-05,0.0
分期付款,1,7.188555819135935e-05,0.0
分離,1,7.188555819135935e-05,0.0
切割,1,7.188555819135935e-05,0.0
刑僅,1,7.188555819135935e-05,0.2
列管,1,7.188555819135935e-05,0.0
判決,1,7.188555819135935e-05,0.0
利器,1,7.188555819135935e-05,0.0
利滾利,1,7.188555819135935e-05,0.2
利益,1,7.188555819135935e-05,0.0
到處,1,7.188555819135935e-05,0.0
剔除,1,7.188555819135935e-05,0.0
創造,1,7.188555819135935e-05,0.0
劃分法,1,7.188555819135935e-05,0.0
力求,1,7.188555819135935e-05,0.0
加強,1,7.188555819135935e-05,0.0
勞,1,7.188555819135935e-05,0.0
勞保,1,7.188555819135935e-05,0.0
勞基法,1,7.188555819135935e-05,0.0
勞委會,1,7.188555819135935e-05,0.0
勞政,1,7.188555819135935e-05,0.2
勿,1,7.188555819135935e-05,0.0
包裝,1,7.188555819135935e-05,0.0
化,1,7.188555819135935e-05,0.0
區塊,1,7.188555819135935e-05,0.0
十一,1,7.188555819135935e-05,0.0
十五日,1,7.188555819135935e-05,0.0
十倍,1,7.188555819135935e-05,0.2
十八,1,7.188555819135935e-05,0.0
千分之一,1,7.188555819135935e-05,0.0
千名,1,7.188555819135935e-05,0.2
升高,1,7.188555819135935e-05,0.0
協會,1,7.188555819135935e-05,0.0
協調,1,7.188555819135935e-05,0.0
危及,1,7.188555819135935e-05,0.0
危機,1,7.188555819135935e-05,0.0
即受,1,7.188555819135935e-05,0.2
即可,1,7.188555819135935e-05,0.0
即有,1,7.188555819135935e-05,0.2
即為,1,7.188555819135935e-05,0.0
原因,1,7.188555819135935e-05,0.0
原意,1,7.188555819135935e-05,0.0
原本,1,7.188555819135935e-05,0.0
去年,1,7.188555819135935e-05,0.0
參考,1,7.188555819135935e-05,0.0
參觀,1,7.188555819135935e-05,0.0
友善,1,7.188555819135935e-05,0.0
反酒,1,7.188555819135935e-05,0.2
取締,1,7.188555819135935e-05,0.0
受托者,1,7.188555819135935e-05,0.2
受教育權,1,7.188555819135935e-05,0.2
受理,1,7.188555819135935e-05,0.0
受虐,1,7.188555819135935e-05,0.0
受虐兒,1,7.188555819135935e-05,0.2
受託,1,7.188555819135935e-05,0.0
受限於,1,7.188555819135935e-05,0.0
口頭,1,7.188555819135935e-05,0.0
另一方面,1,7.188555819135935e-05,0.0
只具,1,7.188555819135935e-05,0.2
只能,1,7.188555819135935e-05,0.2
只要,1,7.188555819135935e-05,0.0
叫車,1,7.188555819135935e-05,0.2
召集,1,7.188555819135935e-05,0.0
可停,1,7.188555819135935e-05,0.2
可管,1,7.188555819135935e-05,0.2
可能性,1,7.188555819135935e-05,0.0
可處,1,7.188555819135935e-05,0.2
台,1,7.188555819135935e-05,0.0
台上字,1,7.188555819135935e-05,0.2
台北市,1,7.188555819135935e-05,0.0
台所為,1,7.188555819135935e-05,0.2
各國,1,7.188555819135935e-05,0.2
各家,1,7.188555819135935e-05,0.2
各縣,1,7.188555819135935e-05,0.2
合作,1,7.188555819135935e-05,0.0
合法性,1,7.188555819135935e-05,0.0
名義,1,7.188555819135935e-05,0.0
向,1,7.188555819135935e-05,0.0
否則,1,7.188555819135935e-05,0.0
周全,1,7.188555819135935e-05,0.0
命其,1,7.188555819135935e-05,0.2
唯一,1,7.188555819135935e-05,0.0
唯有,1,7.188555819135935e-05,0.0
唯法,1,7.188555819135935e-05,0.2
商港,1,7.188555819135935e-05,0.2
商港法,1,7.188555819135935e-05,0.2
啟動,1,7.188555819135935e-05,0.0
善意,1,7.188555819135935e-05,0.0
善良,1,7.188555819135935e-05,0.0
喝酒,1,7.188555819135935e-05,0.2
單純,1,7.188555819135935e-05,0.0
器材,1,7.188555819135935e-05,0.0
噪音,1,7.188555819135935e-05,0.0
嚇阻,1,7.188555819135935e-05,0.0
嚴苛,1,7.188555819135935e-05,0.0
四,1,7.188555819135935e-05,0.0
四十七年,1,7.188555819135935e-05,0.0
四十年,1,7.188555819135935e-05,0.0
四大,1,7.188555819135935e-05,0.2
四年,1,7.188555819135935e-05,0.0
四月,1,7.188555819135935e-05,0.0
四萬,1,7.188555819135935e-05,0.0
回歸,1,7.188555819135935e-05,0.0
回饋,1,7.188555819135935e-05,0.0
因受,1,7.188555819135935e-05,0.2
因水,1,7.188555819135935e-05,0.2
因而,1,7.188555819135935e-05,0.0
因酒,1,7.188555819135935e-05,0.2
固定,1,7.188555819135935e-05,0.0
國,1,7.188555819135935e-05,0.0
國有林,1,7.188555819135935e-05,0.2
國法,1,7.188555819135935e-05,0.0
國計民生,1,7.188555819135935e-05,0.2
國軍,1,7.188555819135935e-05,0.0
國防部,1,7.188555819135935e-05,0.0
圖文,1,7.188555819135935e-05,0.0
垂直,1,7.188555819135935e-05,0.0
執業,1,7.188555819135935e-05,0.0
執法,1,7.188555819135935e-05,0.0
執行法,1,7.188555819135935e-05,0.2
培育,1,7.188555819135935e-05,0.0
基地台,1,7.188555819135935e-05,0.0
基準日,1,7.188555819135935e-05,0.0
基礎,1,7.188555819135935e-05,0.0
場地,1,7.188555819135935e-05,0.0
增多,1,7.188555819135935e-05,0.0
壓力,1,7.188555819135935e-05,0.0
壟斷,1,7.188555819135935e-05,0.0
外省,1,7.188555819135935e-05,0.0
多元性,1,7.188555819135935e-05,0.0
多寡,1,7.188555819135935e-05,0.0
多方面,1,7.188555819135935e-05,0.0
大多,1,7.188555819135935e-05,0.0
大客車,1,7.188555819135935e-05,0.2
大幅,1,7.188555819135935e-05,0.0
大會,1,7.188555819135935e-05,0.0
大車,1,7.188555819135935e-05,0.0
大鑽,1,7.188555819135935e-05,0.2
天災,1,7.188555819135935e-05,0.0
天然,1,7.188555819135935e-05,0.0
失事,1,7.188555819135935e-05,0.0
失去,1,7.188555819135935e-05,0.0
失家,1,7.188555819135935e-05,0.2
失業者,1,7.188555819135935e-05,0.2
失能,1,7.188555819135935e-05,0.2
套案,1,7.188555819135935e-05,0.2
如何,1,7.188555819135935e-05,0.0
如可,1,7.188555819135935e-05,0.2
如有,1,7.188555819135935e-05,0.2
如無,1,7.188555819135935e-05,0.2
妥適性,1,7.188555819135935e-05,0.2
妨害,1,7.188555819135935e-05,0.0
委由,1,7.188555819135935e-05,0.0
學童,1,7.188555819135935e-05,0.0
學習,1,7.188555819135935e-05,0.0
安親班,1,7.188555819135935e-05,0.0
完成,1,7.188555819135935e-05,0.0
完整性,1,7.188555819135935e-05,0.0
完納,1,7.188555819135935e-05,0.2
官方,1,7.188555819135935e-05,0.0
定,1,7.188555819135935e-05,0.0
定位,1,7.188555819135935e-05,0.0
定型化,1,7.188555819135935e-05,0.2
定義,1,7.188555819135935e-05,0.0
宜移列,1,7.188555819135935e-05,0.2
客船,1,7.188555819135935e-05,0.0
客貨,1,7.188555819135935e-05,0.2
宣傳,1,7.188555819135935e-05,0.0
家人,1,7.188555819135935e-05,0.0
密切,1,7.188555819135935e-05,0.0
察覺,1,7.188555819135935e-05,0.0
實效,1,7.188555819135935e-05,0.0
實行,1,7.188555819135935e-05,0.0
實際,1,7.188555819135935e-05,0.0
實體,1,7.188555819135935e-05,0.0
審,1,7.188555819135935e-05,0.0
審判長,1,7.188555819135935e-05,0.0
審議,1,7.188555819135935e-05,0.0
寬頻,1,7.188555819135935e-05,0.2
將縣,1,7.188555819135935e-05,0.2
專屬,1,7.188555819135935e-05,0.0
專用車,1,7.188555819135935e-05,0.2
專責,1,7.188555819135935e-05,0.0
尊嚴,1,7.188555819135935e-05,0.0
尊重,1,7.188555819135935e-05,0.0
對待,1,7.188555819135935e-05,0.0
小車,1,7.188555819135935e-05,0.2
小額,1,7.188555819135935e-05,0.0
少,1,7.188555819135935e-05,0.0
少見,1,7.188555819135935e-05,0.0
尚有,1,7.188555819135935e-05,0.2
尚未,1,7.188555819135935e-05,0.0
尚須,1,7.188555819135935e-05,0.2
尤感,1,7.188555819135935e-05,0.2
就是,1,7.188555819135935e-05,0.0
就醫,1,7.188555819135935e-05,0.0
居民,1,7.188555819135935e-05,0.0
居高不下,1,7.188555819135935e-05,0.0
屆期,1,7.188555819135935e-05,0.2
層次,1,7.188555819135935e-05,0.0
層級式,1,7.188555819135935e-05,0.2
屬,1,7.188555819135935e-05,0.0
工安,1,7.188555819135935e-05,0.2
工時,1,7.188555819135935e-05,0.0
差別,1,7.188555819135935e-05,0.0
已為,1,7.188555819135935e-05,0.2
已難,1,7.188555819135935e-05,0.2
已非,1,7.188555819135935e-05,0.2
巴士,1,7.188555819135935e-05,0.0
市價,1,7.188555819135935e-05,0.0
師資,1,7.188555819135935e-05,0.0
帶領,1,7.188555819135935e-05,0.0
常以,1,7.188555819135935e-05,0.2
常態,1,7.188555819135935e-05,0.0
干預,1,7.188555819135935e-05,0.0
平均地權,1,7.188555819135935e-05,0.2
平均數,1,7.188555819135935e-05,0.0
平等,1,7.188555819135935e-05,0.0
平等法,1,7.188555819135935e-05,0.2
年齡,1,7.188555819135935e-05,0.0
幹事,1,7.188555819135935e-05,0.0
床,1,7.188555819135935e-05,0.0
底,1,7.188555819135935e-05,0.0
廠商,1,7.188555819135935e-05,0.0
廢水,1,7.188555819135935e-05,0.0
廣大,1,7.188555819135935e-05,0.0
廣義,1,7.188555819135935e-05,0.0
延長,1,7.188555819135935e-05,0.0
建物,1,7.188555819135935e-05,0.0
建築,1,7.188555819135935e-05,0.0
建置,1,7.188555819135935e-05,0.0
弱化,1,7.188555819135935e-05,0.0
強制,1,7.188555819135935e-05,0.0
強化,1,7.188555819135935e-05,0.0
強度,1,7.188555819135935e-05,0.0
彌補,1,7.188555819135935e-05,0.0
形式,1,7.188555819135935e-05,0.0
影響力,1,7.188555819135935e-05,0.0
彼此,1,7.188555819135935e-05,0.0
往來,1,7.188555819135935e-05,0.0
待遇,1,7.188555819135935e-05,0.0
後備軍,1,7.188555819135935e-05,0.2
後方,1,7.188555819135935e-05,0.0
得知,1,7.188555819135935e-05,0.0
從事,1,7.188555819135935e-05,0.0
從未,1,7.188555819135935e-05,0.0
復健,1,7.188555819135935e-05,0.0
復康,1,7.188555819135935e-05,0.2
循環,1,7.188555819135935e-05,0.0
微薄,1,7.188555819135935e-05,0.0
必要性,1,7.188555819135935e-05,0.0
志工,1,7.188555819135935e-05,0.0
急停,1,7.188555819135935e-05,0.2
急需,1,7.188555819135935e-05,0.0
急須,1,7.188555819135935e-05,0.0
性,1,7.188555819135935e-05,0.0
性侵,1,7.188555819135935e-05,0.2
性別,1,7.188555819135935e-05,0.0
性騷擾,1,7.188555819135935e-05,0.0
息息相關,1,7.188555819135935e-05,0.0
患有,1,7.188555819135935e-05,0.0
情勢,1,7.188555819135935e-05,0.0
惟此,1,7.188555819135935e-05,0.2
惡行,1,7.188555819135935e-05,0.0
意願,1,7.188555819135935e-05,0.0
態樣,1,7.188555819135935e-05,0.2
慣常,1,7.188555819135935e-05,0.0
憑,1,7.188555819135935e-05,0.0
憲政,1,7.188555819135935e-05,0.0
應以鄉,1,7.188555819135935e-05,0.2
應先,1,7.188555819135935e-05,0.2
應召,1,7.188555819135935e-05,0.0
應向,1,7.188555819135935e-05,0.2
應於,1,7.188555819135935e-05,0.2
應處,1,7.188555819135935e-05,0.2
應設,1,7.188555819135935e-05,0.2
應該,1,7.188555819135935e-05,0.0
應變,1,7.188555819135935e-05,0.0
懲罰,1,7.188555819135935e-05,0.0
成,1,7.188555819135935e-05,0.0
成形,1,7.188555819135935e-05,0.0
成本,1,7.188555819135935e-05,0.0
成見,1,7.188555819135935e-05,0.0
戕害,1,7.188555819135935e-05,0.0
或應,1,7.188555819135935e-05,0.2
或於,1,7.188555819135935e-05,0.2
或縣,1,7.188555819135935e-05,0.2
或者,1,7.188555819135935e-05,0.0
截至,1,7.188555819135935e-05,0.0
房東,1,7.188555819135935e-05,0.0
所在,1,7.188555819135935e-05,0.0
所定,1,7.188555819135935e-05,0.2
所屬,1,7.188555819135935e-05,0.0
所為,1,7.188555819135935e-05,0.0
所生,1,7.188555819135935e-05,0.2
所用,1,7.188555819135935e-05,0.2
所稱,1,7.188555819135935e-05,0.2
所需,1,7.188555819135935e-05,0.2
手機,1,7.188555819135935e-05,0.0
手段,1,7.188555819135935e-05,0.0
扣除,1,7.188555819135935e-05,0.0
承包,1,7.188555819135935e-05,0.0
承包商,1,7.188555819135935e-05,0.0
承攬,1,7.188555819135935e-05,0.2
技術,1,7.188555819135935e-05,0.0
技術性,1,7.188555819135935e-05,0.0
抑或,1,7.188555819135935e-05,0.0
投入,1,7.188555819135935e-05,0.0
抗爭,1,7.188555819135935e-05,0.0
抵押權,1,7.188555819135935e-05,0.2
拒絕,1,7.188555819135935e-05,0.0
拖吊,1,7.188555819135935e-05,0.0
拜,1,7.188555819135935e-05,0.0
持有人,1,7.188555819135935e-05,0.0
持股,1,7.188555819135935e-05,0.0
指標,1,7.188555819135935e-05,0.0
按次,1,7.188555819135935e-05,0.2
挑釁,1,7.188555819135935e-05,0.0
捷運站,1,7.188555819135935e-05,0.2
掏空,1,7.188555819135935e-05,0.0
排放,1,7.188555819135935e-05,0.0
控制,1,7.188555819135935e-05,0.0
提撥,1,7.188555819135935e-05,0.0
提昇,1,7.188555819135935e-05,0.0
提高為,1,7.188555819135935e-05,0.0
揭示,1,7.188555819135935e-05,0.0
損壞,1,7.188555819135935e-05,0.0
搜索,1,7.188555819135935e-05,0.0
摯愛,1,7.188555819135935e-05,0.0
撤銷,1,7.188555819135935e-05,0.0
撥款,1,7.188555819135935e-05,0.0
撫養,1,7.188555819135935e-05,0.0
擔任,1,7.188555819135935e-05,0.0
據,1,7.188555819135935e-05,0.0
擬,1,7.188555819135935e-05,0.0
擬定,1,7.188555819135935e-05,0.0
擴張,1,7.188555819135935e-05,0.0
攀升,1,7.188555819135935e-05,0.0
攝取,1,7.188555819135935e-05,0.0
支柱,1,7.188555819135935e-05,0.0
收容,1,7.188555819135935e-05,0.0
收支,1,7.188555819135935e-05,0.0
改制為,1,7.188555819135935e-05,0.0
放款,1,7.188555819135935e-05,0.0
政治,1,7.188555819135935e-05,0.0
故由,1,7.188555819135935e-05,0.2
效率,1,7.188555819135935e-05,0.0
敘明,1,7.188555819135935e-05,0.2
敢,1,7.188555819135935e-05,0.0
散播,1,7.188555819135935e-05,0.0
整體性,1,7.188555819135935e-05,0.0
數位,1,7.188555819135935e-05,0.0
數十萬,1,7.188555819135935e-05,0.0
數據,1,7.188555819135935e-05,0.0
數額,1,7.188555819135935e-05,0.0
文書,1,7.188555819135935e-05,0.0
文義,1,7.188555819135935e-05,0.2
新台幣,1,7.188555819135935e-05,0.0
方及,1,7.188555819135935e-05,0.2
方屬,1,7.188555819135935e-05,0.2
方案,1,7.188555819135935e-05,0.0
方法,1,7.188555819135935e-05,0.0
方為,1,7.188555819135935e-05,0.2
方能,1,7.188555819135935e-05,0.2
方面,1,7.188555819135935e-05,0.0
旅行業,1,7.188555819135935e-05,0.0
既僅,1,7.188555819135935e-05,0.2
既已,1,7.188555819135935e-05,0.0
既無,1,7.188555819135935e-05,0.2
日常,1,7.188555819135935e-05,0.0
日常生活,1,7.188555819135935e-05,0.2
日為,1,7.188555819135935e-05,0.2
旨在,1,7.188555819135935e-05,0.0
明顯,1,7.188555819135935e-05,0.0
明顯處,1,7.188555819135935e-05,0.2
易,1,7.188555819135935e-05,0.0
時應,1,7.188555819135935e-05,0.2
時有,1,7.188555819135935e-05,0.0
時有所聞,1,7.188555819135935e-05,0.0
時知,1,7.188555819135935e-05,0.2
時需,1,7.188555819135935e-05,0.2
普遍,1,7.188555819135935e-05,0.0
曝光,1,7.188555819135935e-05,0.0
更名為,1,7.188555819135935e-05,0.0
更多,1,7.188555819135935e-05,0.0
更易,1,7.188555819135935e-05,0.0
更趨,1,7.188555819135935e-05,0.2
最多,1,7.188555819135935e-05,0.0
最後,1,7.188555819135935e-05,0.0
最高法院,1,7.188555819135935e-05,0.0
月底,1,7.188555819135935e-05,0.0
月為,1,7.188555819135935e-05,0.2
月薪,1,7.188555819135935e-05,0.0
有事,1,7.188555819135935e-05,0.0
有五次,1,7.188555819135935e-05,0.2
有否,1,7.188555819135935e-05,0.0
有害,1,7.188555819135935e-05,0.0
有待,1,7.188555819135935e-05,0.0
有益,1,7.188555819135935e-05,0.0
有線電視,1,7.188555819135935e-05,0.0
有鑒,1,7.188555819135935e-05,0.2
有限,1,7.188555819135935e-05,0.0
服務團,1,7.188555819135935e-05,0.0
服務法,1,7.188555819135935e-05,0.0
朝向,1,7.188555819135935e-05,0.0
期能,1,7.188555819135935e-05,0.2
期限,1,7.188555819135935e-05,0.0
未來,1,7.188555819135935e-05,0.0
未竟,1,7.188555819135935e-05,0.2
未經,1,7.188555819135935e-05,0.2
未視,1,7.188555819135935e-05,0.2
本人,1,7.188555819135935e-05,0.0
本文,1,7.188555819135935e-05,0.2
本法於,1,7.188555819135935e-05,0.2
李,1,7.188555819135935e-05,0.0
村,1,7.188555819135935e-05,0.0
林國,1,7.188555819135935e-05,0.0
查獲,1,7.188555819135935e-05,0.0
格局,1,7.188555819135935e-05,0.0
條之七,1,7.188555819135935e-05,0.2
條則,1,7.188555819135935e-05,0.2
條所,1,7.188555819135935e-05,0.2
條為,1,7.188555819135935e-05,0.2
森林,1,7.188555819135935e-05,0.0
森林法,1,7.188555819135935e-05,0.2
楊曜等,1,7.188555819135935e-05,0.2
業,1,7.188555819135935e-05,0.0
模糊,1,7.188555819135935e-05,0.0
樹立,1,7.188555819135935e-05,0.0
橋斷,1,7.188555819135935e-05,0.2
機率,1,7.188555819135935e-05,0.0
檢舉,1,7.188555819135935e-05,0.0
權利人,1,7.188555819135935e-05,0.2
權力,1,7.188555819135935e-05,0.0
權為,1,7.188555819135935e-05,0.2
權責,1,7.188555819135935e-05,0.0
次數,1,7.188555819135935e-05,0.0
欺騙,1,7.188555819135935e-05,0.0
款,1,7.188555819135935e-05,0.0
歐美,1,7.188555819135935e-05,0.0
止於,1,7.188555819135935e-05,0.0
正,1,7.188555819135935e-05,0.0
此時,1,7.188555819135935e-05,0.0
此類,1,7.188555819135935e-05,0.2
武器,1,7.188555819135935e-05,0.0
歪風,1,7.188555819135935e-05,0.0
歲,1,7.188555819135935e-05,0.0
歷經,1,7.188555819135935e-05,0.0
殘障者,1,7.188555819135935e-05,0.0
毀損,1,7.188555819135935e-05,0.0
毋庸置疑,1,7.188555819135935e-05,0.0
每日,1,7.188555819135935e-05,0.0
每每,1,7.188555819135935e-05,0.0
每當,1,7.188555819135935e-05,0.0
比,1,7.188555819135935e-05,0.0
比率,1,7.188555819135935e-05,0.0
民事,1,7.188555819135935e-05,0.0
民宿,1,7.188555819135935e-05,0.2
民法,1,7.188555819135935e-05,0.0
民生,1,7.188555819135935e-05,0.0
民航,1,7.188555819135935e-05,0.0
氣候,1,7.188555819135935e-05,0.0
水準,1,7.188555819135935e-05,0.0
永續,1,7.188555819135935e-05,0.0
求償,1,7.188555819135935e-05,0.2
求助無門,1,7.188555819135935e-05,0.2
汙染,1,7.188555819135935e-05,0.0
江啟臣,1,7.188555819135935e-05,0.2
決策,1,7.188555819135935e-05,0.0
沿線,1,7.188555819135935e-05,0.0
況且,1,7.188555819135935e-05,0.0
法庭,1,7.188555819135935e-05,0.0
法律責任,1,7.188555819135935e-05,0.2
法所為,1,7.188555819135935e-05,0.2
法於,1,7.188555819135935e-05,0.2
法條,1,7.188555819135935e-05,0.0
波及,1,7.188555819135935e-05,0.0
活動量,1,7.188555819135935e-05,0.2
派用,1,7.188555819135935e-05,0.2
派駐,1,7.188555819135935e-05,0.0
流於,1,7.188555819135935e-05,0.0
流程,1,7.188555819135935e-05,0.0
海外,1,7.188555819135935e-05,0.0
海關,1,7.188555819135935e-05,0.0
消保,1,7.188555819135935e-05,0.2
消保法,1,7.188555819135935e-05,0.2
消防,1,7.188555819135935e-05,0.0
涵蓋,1,7.188555819135935e-05,0.0
深耕,1,7.188555819135935e-05,0.0
混合,1,7.188555819135935e-05,0.0
混流,1,7.188555819135935e-05,0.2
減免,1,7.188555819135935e-05,0.0
減緩,1,7.188555819135935e-05,0.0
減輕,1,7.188555819135935e-05,0.0
減除,1,7.188555819135935e-05,0.2
港埠,1,7.188555819135935e-05,0.0
準備,1,7.188555819135935e-05,0.0
準用,1,7.188555819135935e-05,0.0
溝通,1,7.188555819135935e-05,0.0
滿足,1,7.188555819135935e-05,0.0
漏洞,1,7.188555819135935e-05,0.0
演練,1,7.188555819135935e-05,0.0
漲租,1,7.188555819135935e-05,0.2
潛藏,1,7.188555819135935e-05,0.0
濫用,1,7.188555819135935e-05,0.0
為免,1,7.188555819135935e-05,0.2
為符,1,7.188555819135935e-05,0.2
為能,1,7.188555819135935e-05,0.2
無可,1,7.188555819135935e-05,0.0
無效,1,7.188555819135935e-05,0.0
無此,1,7.188555819135935e-05,0.2
無殼,1,7.188555819135935e-05,0.2
無照駕駛,1,7.188555819135935e-05,0.0
無門,1,7.188555819135935e-05,0.0
無須,1,7.188555819135935e-05,0.0
然卻,1,7.188555819135935e-05,0.2
營業處,1,7.188555819135935e-05,0.0
營業額,1,7.188555819135935e-05,0.0
營養,1,7.188555819135935e-05,0.0
爆發,1,7.188555819135935e-05,0.0
版,1,7.188555819135935e-05,0.0
物品,1,7.188555819135935e-05,0.0
物權編,1,7.188555819135935e-05,0.2
物資,1,7.188555819135935e-05,0.0
特例,1,7.188555819135935e-05,0.0
特別,1,7.188555819135935e-05,0.0
特別法,1,7.188555819135935e-05,0.2
特定,1,7.188555819135935e-05,0.0
犧牲,1,7.188555819135935e-05,0.0
犯,1,7.188555819135935e-05,0.0
猥褻,1,7.188555819135935e-05,0.0
獨佔性,1,7.188555819135935e-05,0.2
班次,1,7.188555819135935e-05,0.0
現今,1,7.188555819135935e-05,0.0
現場,1,7.188555819135935e-05,0.0
現有,1,7.188555819135935e-05,0.0
現況,1,7.188555819135935e-05,0.0
現階段,1,7.188555819135935e-05,0.0
理應,1,7.188555819135935e-05,0.0
理由,1,7.188555819135935e-05,0.0
理論,1,7.188555819135935e-05,0.0
瑕疵,1,7.188555819135935e-05,0.0
甚大,1,7.188555819135935e-05,0.2
甚者,1,7.188555819135935e-05,0.0
生存,1,7.188555819135935e-05,0.0
生產,1,7.188555819135935e-05,0.0
生育,1,7.188555819135935e-05,0.0
產假,1,7.188555819135935e-05,0.2
產品,1,7.188555819135935e-05,0.0
產婦,1,7.188555819135935e-05,0.0
產檢,1,7.188555819135935e-05,0.2
產權,1,7.188555819135935e-05,0.0
產生,1,7.188555819135935e-05,0.0
用品,1,7.188555819135935e-05,0.0
用字,1,7.188555819135935e-05,0.2
用戶數,1,7.188555819135935e-05,0.2
用詞,1,7.188555819135935e-05,0.0
用錢,1,7.188555819135935e-05,0.2
甫,1,7.188555819135935e-05,0.0
田秋堇等,1,7.188555819135935e-05,0.2
留有,1,7.188555819135935e-05,0.0
異樣,1,7.188555819135935e-05,0.0
當年,1,7.188555819135935e-05,0.0
當該,1,7.188555819135935e-05,0.2
疏忽,1,7.188555819135935e-05,0.0
疏於,1,7.188555819135935e-05,0.0
疑義,1,7.188555819135935e-05,0.0
登記證,1,7.188555819135935e-05,0.0
發布,1,7.188555819135935e-05,0.0
發揮,1,7.188555819135935e-05,0.0
發生率,1,7.188555819135935e-05,0.0
發行,1,7.188555819135935e-05,0.0
發達,1,7.188555819135935e-05,0.0
百分之一,1,7.188555819135935e-05,0.0
百分之十八,1,7.188555819135935e-05,0.0
盈餘,1,7.188555819135935e-05,0.0
盛行率,1,7.188555819135935e-05,0.2
盡速,1,7.188555819135935e-05,0.2
目,1,7.188555819135935e-05,0.0
目之,1,7.188555819135935e-05,0.2
目標,1,7.188555819135935e-05,0.0
直接,1,7.188555819135935e-05,0.0
相向,1,7.188555819135935e-05,0.0
相當於,1,7.188555819135935e-05,0.0
相繩,1,7.188555819135935e-05,0.2
省道,1,7.188555819135935e-05,0.0
看待,1,7.188555819135935e-05,0.0
真,1,7.188555819135935e-05,0.0
眼光,1,7.188555819135935e-05,0.0
眾多,1,7.188555819135935e-05,0.0
督促,1,7.188555819135935e-05,0.0
矛盾,1,7.188555819135935e-05,0.0
知名,1,7.188555819135935e-05,0.0
知有,1,7.188555819135935e-05,0.2
破碎,1,7.188555819135935e-05,0.0
確定,1,7.188555819135935e-05,0.0
確會,1,7.188555819135935e-05,0.2
確有,1,7.188555819135935e-05,0.2
礙於,1,7.188555819135935e-05,0.0
禮券,1,7.188555819135935e-05,0.0
私利,1,7.188555819135935e-05,0.0
私有,1,7.188555819135935e-05,0.0
科技化,1,7.188555819135935e-05,0.0
科處,1,7.188555819135935e-05,0.2
租金,1,7.188555819135935e-05,0.0
移由,1,7.188555819135935e-05,0.2
稅捐,1,7.188555819135935e-05,0.0
稅款,1,7.188555819135935e-05,0.2
稅法,1,7.188555819135935e-05,0.0
稅課,1,7.188555819135935e-05,0.2
程序法,1,7.188555819135935e-05,0.2
種族,1,7.188555819135935e-05,0.0
積極,1,7.188555819135935e-05,0.0
穩定,1,7.188555819135935e-05,0.0
究應,1,7.188555819135935e-05,0.2
空,1,7.188555819135935e-05,0.0
空屋,1,7.188555819135935e-05,0.0
空氣,1,7.188555819135935e-05,0.0
立案,1,7.188555819135935e-05,0.0
立法例,1,7.188555819135935e-05,0.2
站崗,1,7.188555819135935e-05,0.0
竟然,1,7.188555819135935e-05,0.0
章,1,7.188555819135935e-05,0.0
章及,1,7.188555819135935e-05,0.2
第七百,1,7.188555819135935e-05,0.2
第三人,1,7.188555819135935e-05,0.2
第三十,1,7.188555819135935e-05,0.2
第三十一,1,7.188555819135935e-05,0.2
第三十七,1,7.188555819135935e-05,0.0
第三十九,1,7.188555819135935e-05,0.2
第三十六,1,7.188555819135935e-05,0.0
第二十一,1,7.188555819135935e-05,0.0
第二十七,1,7.188555819135935e-05,0.2
第二十二,1,7.188555819135935e-05,0.0
第五十三,1,7.188555819135935e-05,0.2
第五十五,1,7.188555819135935e-05,0.2
第八十六,1,7.188555819135935e-05,0.2
第八十四,1,7.188555819135935e-05,0.2
第六十,1,7.188555819135935e-05,0.0
第六十一,1,7.188555819135935e-05,0.2
第六十三,1,7.188555819135935e-05,0.2
第六十九,1,7.188555819135935e-05,0.2
第六十六,1,7.188555819135935e-05,0.2
第十一,1,7.188555819135935e-05,0.0
第十三,1,7.188555819135935e-05,0.0
第十九,1,7.188555819135935e-05,0.0
第十六,1,7.188555819135935e-05,0.0
第四十七,1,7.188555819135935e-05,0.2
第四十九,1,7.188555819135935e-05,0.0
第四權,1,7.188555819135935e-05,0.2
等同於,1,7.188555819135935e-05,0.0
管理所,1,7.188555819135935e-05,0.2
管轄,1,7.188555819135935e-05,0.0
簡易,1,7.188555819135935e-05,0.0
精算,1,7.188555819135935e-05,0.0
糧商,1,7.188555819135935e-05,0.2
糧食,1,7.188555819135935e-05,0.0
系統台,1,7.188555819135935e-05,0.2
紀錄器,1,7.188555819135935e-05,0.2
約束力,1,7.188555819135935e-05,0.0
紅豆杉,1,7.188555819135935e-05,0.2
納為,1,7.188555819135935e-05,0.2
索討,1,7.188555819135935e-05,0.2
終結,1,7.188555819135935e-05,0.0
組成,1,7.188555819135935e-05,0.0
組織,1,7.188555819135935e-05,0.0
結制,1,7.188555819135935e-05,0.2
結合,1,7.188555819135935e-05,0.0
結果,1,7.188555819135935e-05,0.0
絕路,1,7.188555819135935e-05,0.2
給息,1,7.188555819135935e-05,0.2
統籌,1,7.188555819135935e-05,0.0
經濟部,1,7.188555819135935e-05,0.0
經理人,1,7.188555819135935e-05,0.0
經由,1,7.188555819135935e-05,0.0
綜合所得稅,1,7.188555819135935e-05,0.2
綠美化,1,7.188555819135935e-05,0.2
維生,1,7.188555819135935e-05,0.0
維護法,1,7.188555819135935e-05,0.0
網絡,1,7.188555819135935e-05,0.0
網路費,1,7.188555819135935e-05,0.2
緝私,1,7.188555819135935e-05,0.0
編列,1,7.188555819135935e-05,0.0
編輯室,1,7.188555819135935e-05,0.0
緩和,1,7.188555819135935e-05,0.0
縮短,1,7.188555819135935e-05,0.0
總人數,1,7.188555819135935e-05,0.0
總處,1,7.188555819135935e-05,0.2
繁瑣,1,7.188555819135935e-05,0.0
缺乏,1,7.188555819135935e-05,0.0
罪,1,7.188555819135935e-05,0.0
罪刑,1,7.188555819135935e-05,0.0
署對,1,7.188555819135935e-05,0.2
罹患,1,7.188555819135935e-05,0.0
美意,1,7.188555819135935e-05,0.0
習,1,7.188555819135935e-05,0.0
老化,1,7.188555819135935e-05,0.0
老吾老,1,7.188555819135935e-05,0.2
老年,1,7.188555819135935e-05,0.0
考成,1,7.188555819135935e-05,0.2
而且,1,7.188555819135935e-05,0.0
而受,1,7.188555819135935e-05,0.2
而致,1,7.188555819135935e-05,0.2
而言,1,7.188555819135935e-05,0.0
聯合,1,7.188555819135935e-05,0.0
聯姻,1,7.188555819135935e-05,0.0
職責,1,7.188555819135935e-05,0.0
肇事者,1,7.188555819135935e-05,0.0
股東,1,7.188555819135935e-05,0.0
肢體,1,7.188555819135935e-05,0.0
肥胖,1,7.188555819135935e-05,0.0
背負,1,7.188555819135935e-05,0.0
臍帶血,1,7.188555819135935e-05,0.2
臥病,1,7.188555819135935e-05,0.0
臨床,1,7.188555819135935e-05,0.0
自理,1,7.188555819135935e-05,0.0
自與,1,7.188555819135935e-05,0.2
自願,1,7.188555819135935e-05,0.0
至今,1,7.188555819135935e-05,0.0
至少,1,7.188555819135935e-05,0.0
致易,1,7.188555819135935e-05,0.2
致未能,1,7.188555819135935e-05,0.2
致死,1,7.188555819135935e-05,0.0
臺之,1,7.188555819135935e-05,0.2
與時俱進,1,7.188555819135935e-05,0.0
興建,1,7.188555819135935e-05,0.0
舉發,1,7.188555819135935e-05,0.0
舉證,1,7.188555819135935e-05,0.0
航港,1,7.188555819135935e-05,0.2
航空器,1,7.188555819135935e-05,0.2
航空站,1,7.188555819135935e-05,0.0
航線,1,7.188555819135935e-05,0.0
色情,1,7.188555819135935e-05,0.0
苦於,1,7.188555819135935e-05,0.0
菸害,1,7.188555819135935e-05,0.2
萬,1,7.188555819135935e-05,0.0
萬名,1,7.188555819135935e-05,0.2
落差,1,7.188555819135935e-05,0.0
落石,1,7.188555819135935e-05,0.0
董事,1,7.188555819135935e-05,0.0
董監事,1,7.188555819135935e-05,0.0
蒐集,1,7.188555819135935e-05,0.0
蓋,1,7.188555819135935e-05,0.0
蓬勃,1,7.188555819135935e-05,0.0
藉由,1,7.188555819135935e-05,0.0
處予,1,7.188555819135935e-05,0.2
處於,1,7.188555819135935e-05,0.0
處置,1,7.188555819135935e-05,0.0
虛擬,1,7.188555819135935e-05,0.0
蝸牛族,1,7.188555819135935e-05,0.2
融資,1,7.188555819135935e-05,0.0
血腥,1,7.188555819135935e-05,0.0
行列,1,7.188555819135935e-05,0.0
行動電話,1,7.188555819135935e-05,0.0
行政法,1,7.188555819135935e-05,0.2
行政罰,1,7.188555819135935e-05,0.2
行駛,1,7.188555819135935e-05,0.0
衝擊,1,7.188555819135935e-05,0.0
衰老,1,7.188555819135935e-05,0.0
裁罰,1,7.188555819135935e-05,0.2
補償,1,7.188555819135935e-05,0.0
補提,1,7.188555819135935e-05,0.0
補習,1,7.188555819135935e-05,0.0
補習費,1,7.188555819135935e-05,0.2
補足,1,7.188555819135935e-05,0.0
裝置,1,7.188555819135935e-05,0.0
複雜,1,7.188555819135935e-05,0.0
褓姆,1,7.188555819135935e-05,0.0
見,1,7.188555819135935e-05,0.0
見解,1,7.188555819135935e-05,0.0
規避,1,7.188555819135935e-05,0.0
親人,1,7.188555819135935e-05,0.0
覺察,1,7.188555819135935e-05,0.0
觀摩,1,7.188555819135935e-05,0.0
角色,1,7.188555819135935e-05,0.0
解其,1,7.188555819135935e-05,0.2
訊號,1,7.188555819135935e-05,0.0
討債,1,7.188555819135935e-05,0.2
訟累,1,7.188555819135935e-05,0.2
設算,1,7.188555819135935e-05,0.2
設置點,1,7.188555819135935e-05,0.2
設計,1,7.188555819135935e-05,0.0
訴求,1,7.188555819135935e-05,0.0
評估,1,7.188555819135935e-05,0.0
認同,1,7.188555819135935e-05,0.0
認在,1,7.188555819135935e-05,0.2
認有,1,7.188555819135935e-05,0.2
認為,1,7.188555819135935e-05,0.0
認識,1,7.188555819135935e-05,0.0
說明,1,7.188555819135935e-05,0.0
課予,1,7.188555819135935e-05,0.2
課責,1,7.188555819135935e-05,0.2
課題,1,7.188555819135935e-05,0.0
調查法,1,7.188555819135935e-05,0.2
調漲,1,7.188555819135935e-05,0.0
調高,1,7.188555819135935e-05,0.0
請假,1,7.188555819135935e-05,0.0
諸多,1,7.188555819135935e-05,0.0
謹慎,1,7.188555819135935e-05,0.0
證券商,1,7.188555819135935e-05,0.0
證據,1,7.188555819135935e-05,0.0
警示,1,7.188555819135935e-05,0.0
護理,1,7.188555819135935e-05,0.0
變形,1,7.188555819135935e-05,0.0
變換,1,7.188555819135935e-05,0.0
變革,1,7.188555819135935e-05,0.0
負,1,7.188555819135935e-05,0.0
負有,1,7.188555819135935e-05,0.0
負荷,1,7.188555819135935e-05,0.0
負起,1,7.188555819135935e-05,0.0
財力,1,7.188555819135935e-05,0.0
財政部,1,7.188555819135935e-05,0.0
財物,1,7.188555819135935e-05,0.0
貨運,1,7.188555819135935e-05,0.0
販售,1,7.188555819135935e-05,0.0
販賣,1,7.188555819135935e-05,0.0
責無旁貸,1,7.188555819135935e-05,0.0
買賣,1,7.188555819135935e-05,0.0
資方,1,7.188555819135935e-05,0.0
資本,1,7.188555819135935e-05,0.0
資格,1,7.188555819135935e-05,0.0
賦與,1,7.188555819135935e-05,0.0
質疑,1,7.188555819135935e-05,0.0
贓額,1,7.188555819135935e-05,0.2
走上,1,7.188555819135935e-05,0.0
走私,1,7.188555819135935e-05,0.0
起,1,7.188555819135935e-05,0.0
趁火打劫,1,7.188555819135935e-05,0.0
超車,1,7.188555819135935e-05,0.0
越來越,1,7.188555819135935e-05,0.0
路面,1,7.188555819135935e-05,0.0
身影,1,7.188555819135935e-05,0.0
車,1,7.188555819135935e-05,0.0
車位,1,7.188555819135935e-05,0.0
車廂,1,7.188555819135935e-05,0.0
車禍,1,7.188555819135935e-05,0.0
車道,1,7.188555819135935e-05,0.0
軍事,1,7.188555819135935e-05,0.0
軟體,1,7.188555819135935e-05,0.0
較之,1,7.188555819135935e-05,0.0
輕則,1,7.188555819135935e-05,0.2
辦案,1,7.188555819135935e-05,0.0
辯駁,1,7.188555819135935e-05,0.2
辱罵,1,7.188555819135935e-05,0.0
農漁業,1,7.188555819135935e-05,0.2
近日,1,7.188555819135935e-05,0.0
近用,1,7.188555819135935e-05,0.2
迭起,1,7.188555819135935e-05,0.2
追查,1,7.188555819135935e-05,0.0
透明化,1,7.188555819135935e-05,0.0
通信,1,7.188555819135935e-05,0.0
通勤,1,7.188555819135935e-05,0.0
通常,1,7.188555819135935e-05,0.0
通盤,1,7.188555819135935e-05,0.0
通譯,1,7.188555819135935e-05,0.0
通路商,1,7.188555819135935e-05,0.2
通車,1,7.188555819135935e-05,0.0
通關,1,7.188555819135935e-05,0.0
速審速結,1,7.188555819135935e-05,0.2
連接,1,7.188555819135935e-05,0.0
連接性,1,7.188555819135935e-05,0.2
連署,1,7.188555819135935e-05,0.0
連連,1,7.188555819135935e-05,0.0
進修,1,7.188555819135935e-05,0.0
進出口,1,7.188555819135935e-05,0.0
進口,1,7.188555819135935e-05,0.0
進步,1,7.188555819135935e-05,0.0
逼,1,7.188555819135935e-05,0.0
逾期,1,7.188555819135935e-05,0.0
遇到,1,7.188555819135935e-05,0.0
遊戲,1,7.188555819135935e-05,0.0
遊樂,1,7.188555819135935e-05,0.0
運用,1,7.188555819135935e-05,0.0
過去,1,7.188555819135935e-05,0.0
道德性,1,7.188555819135935e-05,0.0
適切,1,7.188555819135935e-05,0.0
適度,1,7.188555819135935e-05,0.0
適當,1,7.188555819135935e-05,0.0
遭虐,1,7.188555819135935e-05,0.2
遭遇,1,7.188555819135935e-05,0.0
選民,1,7.188555819135935e-05,0.0
選舉區,1,7.188555819135935e-05,0.2
遽增,1,7.188555819135935e-05,0.0
邁入,1,7.188555819135935e-05,0.0
部會,1,7.188555819135935e-05,0.0
鄉愁,1,7.188555819135935e-05,0.0
酒測,1,7.188555819135935e-05,0.2
酒醉,1,7.188555819135935e-05,0.0
酒駕者,1,7.188555819135935e-05,0.2
醫療法,1,7.188555819135935e-05,0.2
醫療院所,1,7.188555819135935e-05,0.0
釋出,1,7.188555819135935e-05,0.0
里,1,7.188555819135935e-05,0.0
重利,1,7.188555819135935e-05,0.0
重利罪,1,7.188555819135935e-05,0.2
重則,1,7.188555819135935e-05,0.2
重症,1,7.188555819135935e-05,0.0
重罰,1,7.188555819135935e-05,0.0
釐清,1,7.188555819135935e-05,0.0
金錢,1,7.188555819135935e-05,0.0
金額,1,7.188555819135935e-05,0.0
銀髮,1,7.188555819135935e-05,0.2
錄製,1,7.188555819135935e-05,0.0
鎮,1,7.188555819135935e-05,0.0
長時間,1,7.188555819135935e-05,0.0
開水,1,7.188555819135935e-05,0.0
開發,1,7.188555819135935e-05,0.0
開罰,1,7.188555819135935e-05,0.2
開車,1,7.188555819135935e-05,0.0
開銷,1,7.188555819135935e-05,0.0
閩南,1,7.188555819135935e-05,0.0
關乎,1,7.188555819135935e-05,0.0
關廠,1,7.188555819135935e-05,0.2
關懷,1,7.188555819135935e-05,0.0
關注,1,7.188555819135935e-05,0.0
關稅法,1,7.188555819135935e-05,0.2
關聯,1,7.188555819135935e-05,0.0
闡明,1,7.188555819135935e-05,0.0
闡述,1,7.188555819135935e-05,0.0
防止,1,7.188555819135935e-05,0.0
防禦,1,7.188555819135935e-05,0.0
防範,1,7.188555819135935e-05,0.0
阻礙,1,7.188555819135935e-05,0.0
除符,1,7.188555819135935e-05,0.2
除須,1,7.188555819135935e-05,0.2
陳節如,1,7.188555819135935e-05,0.2
陷入,1,7.188555819135935e-05,0.0
陸,1,7.188555819135935e-05,0.0
陸海空軍,1,7.188555819135935e-05,0.2
陸路,1,7.188555819135935e-05,0.0
階層,1,7.188555819135935e-05,0.0
階段性,1,7.188555819135935e-05,0.0
隔閡,1,7.188555819135935e-05,0.0
隨之,1,7.188555819135935e-05,0.0
隨時,1,7.188555819135935e-05,0.0
隨著,1,7.188555819135935e-05,0.0
隨身,1,7.188555819135935e-05,0.0
集中,1,7.188555819135935e-05,0.0
集中化,1,7.188555819135935e-05,0.0
集團化,1,7.188555819135935e-05,0.2
集散,1,7.188555819135935e-05,0.2
雖本,1,7.188555819135935e-05,0.2
雙方,1,7.188555819135935e-05,0.0
難求,1,7.188555819135935e-05,0.2
零售,1,7.188555819135935e-05,0.0
電動車,1,7.188555819135935e-05,0.2
電業法,1,7.188555819135935e-05,0.2
電磁波,1,7.188555819135935e-05,0.2
電等,1,7.188555819135935e-05,0.2
電腦,1,7.188555819135935e-05,0.0
電話費,1,7.188555819135935e-05,0.0
電費,1,7.188555819135935e-05,0.0
需再,1,7.188555819135935e-05,0.2
需時,1,7.188555819135935e-05,0.2
需經,1,7.188555819135935e-05,0.2
非常,1,7.188555819135935e-05,0.0
順利,1,7.188555819135935e-05,0.0
順暢,1,7.188555819135935e-05,0.0
預定,1,7.188555819135935e-05,0.0
預扣,1,7.188555819135935e-05,0.2
預繳,1,7.188555819135935e-05,0.2
頓,1,7.188555819135935e-05,0.0
領取,1,7.188555819135935e-05,0.0
領有,1,7.188555819135935e-05,0.0
頻仍,1,7.188555819135935e-05,0.0
頻繁,1,7.188555819135935e-05,0.0
額外,1,7.188555819135935e-05,0.0
類,1,7.188555819135935e-05,0.0
類似,1,7.188555819135935e-05,0.0
顯,1,7.188555819135935e-05,0.0
顯見,1,7.188555819135935e-05,0.0
風俗,1,7.188555819135935e-05,0.0
風景區,1,7.188555819135935e-05,0.0
風暴,1,7.188555819135935e-05,0.0
風氣,1,7.188555819135935e-05,0.0
飆漲,1,7.188555819135935e-05,0.0
飆高,1,7.188555819135935e-05,0.2
飛安,1,7.188555819135935e-05,0.2
飽受,1,7.188555819135935e-05,0.0
養成,1,7.188555819135935e-05,0.0
養護,1,7.188555819135935e-05,0.0
首要,1,7.188555819135935e-05,0.0
駁回,1,7.188555819135935e-05,0.0
駕照,1,7.188555819135935e-05,0.0
駕者,1,7.188555819135935e-05,0.2
體制,1,7.188555819135935e-05,0.0
體系,1,7.188555819135935e-05,0.0
高利,1,7.188555819135935e-05,0.2
高利貸,1,7.188555819135935e-05,0.0
高額,1,7.188555819135935e-05,0.0
高齡,1,7.188555819135935e-05,0.0
高齡化,1,7.188555819135935e-05,0.0
黑名單,1,7.188555819135935e-05,0.0
黑幫,1,7.188555819135935e-05,0.2
鼓吹,1,7.188555819135935e-05,0.0
